-- phpMyAdmin SQL Dump
-- version 5.0.2
-- https://www.phpmyadmin.net/
--
-- Máy chủ: 127.0.0.1:3306
-- Thời gian đã tạo: Th3 18, 2021 lúc 07:27 PM
-- Phiên bản máy phục vụ: 5.7.31
-- Phiên bản PHP: 7.3.21

SET SQL_MODE = "NO_AUTO_VALUE_ON_ZERO";
START TRANSACTION;
SET time_zone = "+00:00";


/*!40101 SET @OLD_CHARACTER_SET_CLIENT=@@CHARACTER_SET_CLIENT */;
/*!40101 SET @OLD_CHARACTER_SET_RESULTS=@@CHARACTER_SET_RESULTS */;
/*!40101 SET @OLD_COLLATION_CONNECTION=@@COLLATION_CONNECTION */;
/*!40101 SET NAMES utf8mb4 */;

--
-- Cơ sở dữ liệu: `online_courses`
--

-- --------------------------------------------------------

--
-- Cấu trúc bảng cho bảng `category`
--

DROP TABLE IF EXISTS `category`;
CREATE TABLE IF NOT EXISTS `category` (
  `id` int(10) UNSIGNED NOT NULL AUTO_INCREMENT,
  `name` varchar(100) COLLATE utf8_unicode_ci DEFAULT NULL,
  `id_parent` int(11) DEFAULT NULL,
  `status` int(11) NOT NULL DEFAULT '1',
  PRIMARY KEY (`id`)
) ENGINE=InnoDB AUTO_INCREMENT=51 DEFAULT CHARSET=utf8 COLLATE=utf8_unicode_ci;

--
-- Đang đổ dữ liệu cho bảng `category`
--

INSERT INTO `category` (`id`, `name`, `id_parent`, `status`) VALUES
(38, 'IT', 0, 1),
(39, 'Deep Learning', 38, 1),
(40, 'Android', 38, 1),
(41, 'Soft Skills', 0, 1),
(42, 'Artificial Intelligence', 38, 1),
(43, 'Languages', 0, 1),
(44, 'English', 43, 1),
(45, 'Games', 38, 1),
(46, 'Network', 38, 1),
(47, 'Web', 38, 1),
(48, 'Trading', 0, 1),
(49, 'Crypto Currency', 48, 1);

-- --------------------------------------------------------

--
-- Cấu trúc bảng cho bảng `courses`
--

DROP TABLE IF EXISTS `courses`;
CREATE TABLE IF NOT EXISTS `courses` (
  `id` int(10) UNSIGNED NOT NULL AUTO_INCREMENT,
  `id_category` int(11) NOT NULL,
  `id_creator` int(11) NOT NULL,
  `status` int(11) NOT NULL,
  `total_purchased` int(11) DEFAULT '0',
  `total_registration` int(11) DEFAULT '0',
  `number_of_view` int(11) DEFAULT '0',
  `number_of_rating` int(11) DEFAULT '0',
  `title` varchar(255) COLLATE utf8_unicode_ci DEFAULT NULL,
  `des_short` text COLLATE utf8_unicode_ci,
  `des_long` text COLLATE utf8_unicode_ci,
  `price` int(11) DEFAULT NULL,
  `promotion_price` int(11) DEFAULT NULL,
  `image` varchar(255) COLLATE utf8_unicode_ci DEFAULT NULL,
  `avg_rating` float DEFAULT NULL,
  `total_time` int(11) DEFAULT NULL,
  `attachment` varchar(255) COLLATE utf8_unicode_ci DEFAULT NULL,
  `created_at` datetime DEFAULT CURRENT_TIMESTAMP,
  `updated_at` datetime DEFAULT CURRENT_TIMESTAMP ON UPDATE CURRENT_TIMESTAMP,
  `active` tinyint(1) DEFAULT '1',
  PRIMARY KEY (`id`)
) ENGINE=InnoDB AUTO_INCREMENT=41 DEFAULT CHARSET=utf8 COLLATE=utf8_unicode_ci;

--
-- Đang đổ dữ liệu cho bảng `courses`
--

INSERT INTO `courses` (`id`, `id_category`, `id_creator`, `status`, `total_purchased`, `total_registration`, `number_of_view`, `number_of_rating`, `title`, `des_short`, `des_long`, `price`, `promotion_price`, `image`, `avg_rating`, `total_time`, `attachment`, `created_at`, `updated_at`, `active`) VALUES
(10, 47, 11, 1, 0, 0, 25, 0, 'WordPress', '<p><strong>WordPress</strong> <span style=\"color: rgb(49,49,49);background-color: rgb(255,255,255);font-size: 16px;font-family: -apple-system, BlinkMacSystemFont, \"Segoe UI\", Roboto, \"Helvetica Neue\", Arial, \"Noto Sans\", sans-serif, \"Apple Color Emoji\", \"Segoe UI Emoji\", \"Segoe UI Symbol\", \"Noto Color Emoji;\">là một phần mềm nguồn mở (</span><em>Open Source Software </em><sup><em>1</em></sup><span style=\"color: rgb(49,49,49);background-color: rgb(255,255,255);font-size: 16px;font-family: -apple-system, BlinkMacSystemFont, \"Segoe UI\", Roboto, \"Helvetica Neue\", Arial, \"Noto Sans\", sans-serif, \"Apple Color Emoji\", \"Segoe UI Emoji\", \"Segoe UI Symbol\", \"Noto Color Emoji;\">) được viết bằng ngôn ngữ lập trình website PHP và sử dụng hệ quản trị cơ sở dữ liệu MySQL; cũng là bộ đôi ngôn ngữ lập trình website thông dụng nhất hiện tại. WordPress được ra mắt lần đầu tiên vào ngày</span> <strong>27/5/2003</strong> <span style=\"color: rgb(49,49,49);background-color: rgb(255,255,255);font-size: 16px;font-family: -apple-system, BlinkMacSystemFont, \"Segoe UI\", Roboto, \"Helvetica Neue\", Arial, \"Noto Sans\", sans-serif, \"Apple Color Emoji\", \"Segoe UI Emoji\", \"Segoe UI Symbol\", \"Noto Color Emoji;\">bởi tác giả</span> <a href=\"https://en.wikipedia.org/wiki/Matt_Mullenweg\" target=\"_blank\"><span style=\"color: rgb(30,115,190);background-color: rgb(255,255,255);font-size: 16px;font-family: -apple-system, BlinkMacSystemFont, \"Segoe UI\", Roboto, \"Helvetica Neue\", Arial, \"Noto Sans\", sans-serif, \"Apple Color Emoji\", \"Segoe UI Emoji\", \"Segoe UI Symbol\", \"Noto Color Emoji;\">Matt Mullenweg</span></a> <span style=\"color: rgb(49,49,49);background-color: rgb(255,255,255);font-size: 16px;font-family: -apple-system, BlinkMacSystemFont, \"Segoe UI\", Roboto, \"Helvetica Neue\", Arial, \"Noto Sans\", sans-serif, \"Apple Color Emoji\", \"Segoe UI Emoji\", \"Segoe UI Symbol\", \"Noto Color Emoji;\">và</span> <a href=\"https://en.wikipedia.org/wiki/Mike_Little\" target=\"_blank\"><span style=\"color: rgb(30,115,190);background-color: rgb(255,255,255);font-size: 16px;font-family: -apple-system, BlinkMacSystemFont, \"Segoe UI\", Roboto, \"Helvetica Neue\", Arial, \"Noto Sans\", sans-serif, \"Apple Color Emoji\", \"Segoe UI Emoji\", \"Segoe UI Symbol\", \"Noto Color Emoji;\">Mike Little</span></a><span style=\"color: rgb(49,49,49);background-color: rgb(255,255,255);font-size: 16px;font-family: -apple-system, BlinkMacSystemFont, \"Segoe UI\", Roboto, \"Helvetica Neue\", Arial, \"Noto Sans\", sans-serif, \"Apple Color Emoji\", \"Segoe UI Emoji\", \"Segoe UI Symbol\", \"Noto Color Emoji;\">. Hiện nay WordPress được sở hữu và phát triển bởi công ty Automattic có trụ sở tại San Francisco, California thuộc hợp chủng quốc Hoa Kỳ.</span>&nbsp;</p>\n', '<p style=\"text-align:start;\"><span style=\"color: rgb(49,49,49);background-color: rgb(255,255,255);font-size: 16px;font-family: -apple-system, BlinkMacSystemFont, \"Segoe UI\", Roboto, \"Helvetica Neue\", Arial, \"Noto Sans\", sans-serif, \"Apple Color Emoji\", \"Segoe UI Emoji\", \"Segoe UI Symbol\", \"Noto Color Emoji;\">WordPress là một mã nguồn mở bằng ngôn ngữ PHP để hỗ trợ tạo blog cá nhân, và nó được rất nhiều người sử dụng ủng hộ về tính dễ sử dụng, nhiều tính năng hữu ích. Qua thời gian, số lượng người sử dụng tăng lên, các cộng tác viên là những lập trình viên cũng tham gia đông đảo để phát triển mã nguồn WordPress có thêm những tính năng tuyệt vời. Và cho đến thời điểm viết bài này là 2015, WordPress đã được xem như là một hệ quản trị nội dung (<strong><em>CMS</em></strong></span> <span style=\"color: rgb(49,49,49);background-color: rgb(255,255,255);font-size: 16px;font-family: -apple-system, BlinkMacSystemFont, \"Segoe UI\", Roboto, \"Helvetica Neue\", Arial, \"Noto Sans\", sans-serif, \"Apple Color Emoji\", \"Segoe UI Emoji\", \"Segoe UI Symbol\", \"Noto Color Emoji;\"><em>– Content Management System </em><sup><em>2</em></sup>) vượt trội để hỗ trợ người dùng tạo ra nhiều thể loại website khác nhau như</span> <span style=\"color: rgb(49,49,49);background-color: rgb(255,255,255);font-size: 16px;font-family: -apple-system, BlinkMacSystemFont, \"Segoe UI\", Roboto, \"Helvetica Neue\", Arial, \"Noto Sans\", sans-serif, \"Apple Color Emoji\", \"Segoe UI Emoji\", \"Segoe UI Symbol\", \"Noto Color Emoji;\"><strong>blog, website tin tức/tạp chí, giới thiệu doanh nghiệp, bán hàng – thương mại điện tử,</strong></span> <span style=\"color: rgb(49,49,49);background-color: rgb(255,255,255);font-size: 16px;font-family: -apple-system, BlinkMacSystemFont, \"Segoe UI\", Roboto, \"Helvetica Neue\", Arial, \"Noto Sans\", sans-serif, \"Apple Color Emoji\", \"Segoe UI Emoji\", \"Segoe UI Symbol\", \"Noto Color Emoji;\">thậm chí với các loại website có độ phức tạp cao như đặt phòng khách sạn, thuê xe, đăng dự án bất động sản,…vâng…vâng…Hầu như mọi hình thức website với quy mô nhỏ và vừa đều có thể triển khai trên nền tảng WordPress.</span></p>\n<p style=\"text-align:start;\"><span style=\"color: rgb(49,49,49);background-color: rgb(255,255,255);font-size: 16px;font-family: -apple-system, BlinkMacSystemFont, \"Segoe UI\", Roboto, \"Helvetica Neue\", Arial, \"Noto Sans\", sans-serif, \"Apple Color Emoji\", \"Segoe UI Emoji\", \"Segoe UI Symbol\", \"Noto Color Emoji;\">Nhưng như thế không có nghĩa là WordPress chỉ thích hợp với các dự án nhỏ, mà hiện nay có tới khoảng 25% website trong danh sách 100 website lớn nhất thế giới sử dụng mã nguồn WordPress. Ví dụ như trang tạp chí</span> <span style=\"color: rgb(49,49,49);background-color: rgb(255,255,255);font-size: 16px;font-family: -apple-system, BlinkMacSystemFont, \"Segoe UI\", Roboto, \"Helvetica Neue\", Arial, \"Noto Sans\", sans-serif, \"Apple Color Emoji\", \"Segoe UI Emoji\", \"Segoe UI Symbol\", \"Noto Color Emoji;\"><strong>TechCrunch, Mashable, CNN, BBC America, Variety, Sony Music, MTV News, Bata, Quartz</strong>,…rất nhiều không thể kể hết được.</span>&nbsp;</p>\n', 499000, 0, 'me9eif8phruv4f48pxq3', NULL, NULL, 'demo', '2021-03-07 21:47:58', '2021-03-18 23:21:38', 1),
(11, 47, 11, 1, 0, 0, 13, 0, 'Easy Engine', '<p><span style=\"color: rgb(49,49,49);background-color: rgb(255,255,255);font-size: 16px;font-family: -apple-system, BlinkMacSystemFont, \"Segoe UI\", Roboto, \"Helvetica Neue\", Arial, \"Noto Sans\", sans-serif, \"Apple Color Emoji\", \"Segoe UI Emoji\", \"Segoe UI Symbol\", \"Noto Color Emoji;\">EasyEngine là một *UNIX script dành cho hệ điều hành</span> <strong>Ubuntu/Debian</strong> <span style=\"color: rgb(49,49,49);background-color: rgb(255,255,255);font-size: 16px;font-family: -apple-system, BlinkMacSystemFont, \"Segoe UI\", Roboto, \"Helvetica Neue\", Arial, \"Noto Sans\", sans-serif, \"Apple Color Emoji\", \"Segoe UI Emoji\", \"Segoe UI Symbol\", \"Noto Color Emoji;\">giúp bạn tự động cài đặt một webserver sử dụng NGINX và PHP-FPM hoàn chỉnh phục vụ riêng cho WordPress. Điều này có nghĩa là nó sẽ tự</span> <strong>tối ưu hóa cho NGINX để làm việc với WordPress tốt nhất</strong><span style=\"color: rgb(49,49,49);background-color: rgb(255,255,255);font-size: 16px;font-family: -apple-system, BlinkMacSystemFont, \"Segoe UI\", Roboto, \"Helvetica Neue\", Arial, \"Noto Sans\", sans-serif, \"Apple Color Emoji\", \"Segoe UI Emoji\", \"Segoe UI Symbol\", \"Noto Color Emoji;\">. Bởi vì chúng ta đã quá quen với việc sử dụng Apache nên có thể nhiều bạn cảm thấy khó khăn khi chuyển sang dùng NGINX nên script này là “phao cứu sinh” dành cho bạn</span>&nbsp;</p>\n', '<h3 style=\"text-align:start;\"><span style=\"color: rgb(49,49,49);background-color: rgb(255,255,255);font-size: 20px;font-family: Open Sans\", sans-serif;\">Các chức năng của NGINX</span></h3>\n<ul>\n<li style=\"margin-left:0px;\"><span style=\"color: rgb(49,49,49);background-color: rgb(255,255,255);font-size: 16px;font-family: -apple-system, BlinkMacSystemFont, \"Segoe UI\", Roboto, \"Helvetica Neue\", Arial, \"Noto Sans\", sans-serif, \"Apple Color Emoji\", \"Segoe UI Emoji\", \"Segoe UI Symbol\", \"Noto Color Emoji;\">Tự cài đặt NGINX bản mới nhất.</span></li>\n<li style=\"margin-left:0px;\"><span style=\"color: rgb(49,49,49);background-color: rgb(255,255,255);font-size: 16px;font-family: -apple-system, BlinkMacSystemFont, \"Segoe UI\", Roboto, \"Helvetica Neue\", Arial, \"Noto Sans\", sans-serif, \"Apple Color Emoji\", \"Segoe UI Emoji\", \"Segoe UI Symbol\", \"Noto Color Emoji;\">Tự thiết lập PHP-FPM cho NGINX.</span></li>\n<li style=\"margin-left:0px;\"><span style=\"color: rgb(49,49,49);background-color: rgb(255,255,255);font-size: 16px;font-family: -apple-system, BlinkMacSystemFont, \"Segoe UI\", Roboto, \"Helvetica Neue\", Arial, \"Noto Sans\", sans-serif, \"Apple Color Emoji\", \"Segoe UI Emoji\", \"Segoe UI Symbol\", \"Noto Color Emoji;\">Có hỗ trợ HHVM.</span></li>\n<li style=\"margin-left:0px;\"><span style=\"color: rgb(49,49,49);background-color: rgb(255,255,255);font-size: 16px;font-family: -apple-system, BlinkMacSystemFont, \"Segoe UI\", Roboto, \"Helvetica Neue\", Arial, \"Noto Sans\", sans-serif, \"Apple Color Emoji\", \"Segoe UI Emoji\", \"Segoe UI Symbol\", \"Noto Color Emoji;\">Hỗ trợ Redis Cache.</span></li>\n<li style=\"margin-left:0px;\"><span style=\"color: rgb(49,49,49);background-color: rgb(255,255,255);font-size: 16px;font-family: -apple-system, BlinkMacSystemFont, \"Segoe UI\", Roboto, \"Helvetica Neue\", Arial, \"Noto Sans\", sans-serif, \"Apple Color Emoji\", \"Segoe UI Emoji\", \"Segoe UI Symbol\", \"Noto Color Emoji;\">Hỗ trợ SSL miễn phí từ Let’s Encrypt.</span></li>\n<li style=\"margin-left:0px;\"><span style=\"color: rgb(49,49,49);background-color: rgb(255,255,255);font-size: 16px;font-family: -apple-system, BlinkMacSystemFont, \"Segoe UI\", Roboto, \"Helvetica Neue\", Arial, \"Noto Sans\", sans-serif, \"Apple Color Emoji\", \"Segoe UI Emoji\", \"Segoe UI Symbol\", \"Noto Color Emoji;\">Hỗ trợ tự cài website WordPress mới nhanh chóng.</span></li>\n<li style=\"margin-left:0px;\"><span style=\"color: rgb(49,49,49);background-color: rgb(255,255,255);font-size: 16px;font-family: -apple-system, BlinkMacSystemFont, \"Segoe UI\", Roboto, \"Helvetica Neue\", Arial, \"Noto Sans\", sans-serif, \"Apple Color Emoji\", \"Segoe UI Emoji\", \"Segoe UI Symbol\", \"Noto Color Emoji;\">Tự thiết lập các cấu hình dành cho WordPress bao gồm cấu hình cho WP Super Cache,</span> <a href=\"https://thachpham.com/wordpress/wp-plugin/huong-dan-w3-total-cache-toan-tap.html\" target=\"_self\"><span style=\"color: rgb(30,115,190);background-color: rgb(255,255,255);font-size: 16px;font-family: -apple-system, BlinkMacSystemFont, \"Segoe UI\", Roboto, \"Helvetica Neue\", Arial, \"Noto Sans\", sans-serif, \"Apple Color Emoji\", \"Segoe UI Emoji\", \"Segoe UI Symbol\", \"Noto Color Emoji;\">W3 Total Cache</span></a> <span style=\"color: rgb(49,49,49);background-color: rgb(255,255,255);font-size: 16px;font-family: -apple-system, BlinkMacSystemFont, \"Segoe UI\", Roboto, \"Helvetica Neue\", Arial, \"Noto Sans\", sans-serif, \"Apple Color Emoji\", \"Segoe UI Emoji\", \"Segoe UI Symbol\", \"Noto Color Emoji;\">và , Redis Cache và ngx_fastcgi_cache</span></li>\n<li style=\"margin-left:0px;\"><span style=\"color: rgb(49,49,49);background-color: rgb(255,255,255);font-size: 16px;font-family: -apple-system, BlinkMacSystemFont, \"Segoe UI\", Roboto, \"Helvetica Neue\", Arial, \"Noto Sans\", sans-serif, \"Apple Color Emoji\", \"Segoe UI Emoji\", \"Segoe UI Symbol\", \"Noto Color Emoji;\">Hỗ trợ Opcache, Memcached.</span></li>\n<li style=\"margin-left:0px;\"><span style=\"color: rgb(49,49,49);background-color: rgb(255,255,255);font-size: 16px;font-family: -apple-system, BlinkMacSystemFont, \"Segoe UI\", Roboto, \"Helvetica Neue\", Arial, \"Noto Sans\", sans-serif, \"Apple Color Emoji\", \"Segoe UI Emoji\", \"Segoe UI Symbol\", \"Noto Color Emoji;\">Cài sẵn phpMyAdmin và bảo mật.</span></li>\n<li style=\"margin-left:0px;\"><span style=\"color: rgb(49,49,49);background-color: rgb(255,255,255);font-size: 16px;font-family: -apple-system, BlinkMacSystemFont, \"Segoe UI\", Roboto, \"Helvetica Neue\", Arial, \"Noto Sans\", sans-serif, \"Apple Color Emoji\", \"Segoe UI Emoji\", \"Segoe UI Symbol\", \"Noto Color Emoji;\">Cài sẵn Postfix để tối ưu gửi mail, không vào spam.</span></li>\n<li style=\"margin-left:0px;\"><span style=\"color: rgb(49,49,49);background-color: rgb(255,255,255);font-size: 16px;font-family: -apple-system, BlinkMacSystemFont, \"Segoe UI\", Roboto, \"Helvetica Neue\", Arial, \"Noto Sans\", sans-serif, \"Apple Color Emoji\", \"Segoe UI Emoji\", \"Segoe UI Symbol\", \"Noto Color Emoji;\">Có sẵn WP-CLI để quản trị WordPress với dòng lệnh. Cái này khá quan trọng cho người dùng WordPress.</span></li>\n<li style=\"margin-left:0px;\"><span style=\"color: rgb(49,49,49);background-color: rgb(255,255,255);font-size: 16px;font-family: -apple-system, BlinkMacSystemFont, \"Segoe UI\", Roboto, \"Helvetica Neue\", Arial, \"Noto Sans\", sans-serif, \"Apple Color Emoji\", \"Segoe UI Emoji\", \"Segoe UI Symbol\", \"Noto Color Emoji;\">Cấu hình NGINX cho WordPress Multisite.</span></li>\n</ul>\n<p style=\"text-align:start;\"><span style=\"color: rgb(49,49,49);background-color: rgb(255,255,255);font-size: 16px;font-family: -apple-system, BlinkMacSystemFont, \"Segoe UI\", Roboto, \"Helvetica Neue\", Arial, \"Noto Sans\", sans-serif, \"Apple Color Emoji\", \"Segoe UI Emoji\", \"Segoe UI Symbol\", \"Noto Color Emoji;\">Chỉ vậy thôi nên EasyEngine là sự lựa chọn rất tối ưu nếu bạn sử dụng chỉ một vài website cá nhân trên máy chủ của bạn. Nếu bạn chưa có máy chủ thì có thể sử dụng dịch vụ</span> <a href=\"https://azdigi.com/thue-server-vps/\" target=\"_blank\"><span style=\"color: rgb(30,115,190);background-color: rgb(255,255,255);font-size: 16px;font-family: -apple-system, BlinkMacSystemFont, \"Segoe UI\", Roboto, \"Helvetica Neue\", Arial, \"Noto Sans\", sans-serif, \"Apple Color Emoji\", \"Segoe UI Emoji\", \"Segoe UI Symbol\", \"Noto Color Emoji;\"><strong>VPS tại AZDIGI</strong></span></a> <span style=\"color: rgb(49,49,49);background-color: rgb(255,255,255);font-size: 16px;font-family: -apple-system, BlinkMacSystemFont, \"Segoe UI\", Roboto, \"Helvetica Neue\", Arial, \"Noto Sans\", sans-serif, \"Apple Color Emoji\", \"Segoe UI Emoji\", \"Segoe UI Symbol\", \"Noto Color Emoji;\">để được một cấu hình tốt chạy EasyEngine với chi phí phải chăng.</span>&nbsp;</p>\n', 299000, 199000, 'mi0yc5ler9z7fk5aiwza', NULL, NULL, 'demo', '2021-03-07 22:11:17', '2021-03-18 23:18:06', 1),
(12, 47, 11, 1, 0, 0, 12, 0, 'HTML', '<p><span style=\"color: rgb(49,49,49);background-color: rgb(255,255,255);font-size: 16px;font-family: -apple-system, BlinkMacSystemFont, \"Segoe UI\", Roboto, \"Helvetica Neue\", Arial, \"Noto Sans\", sans-serif, \"Apple Color Emoji\", \"Segoe UI Emoji\", \"Segoe UI Symbol\", \"Noto Color Emoji;\">Phải nói rằng, HTML và CSS là hai nền tảng quan trọng nhất cho việc làm website, dù bạn là dân chuyên nghiệp hay nghiệp dư thì HTML/CSS vẫn đóng góp một phần cực kỳ quan trọng để bạn hiểu được khái quát về một website, và quan trọng nhất là bạn có thể tự tùy biến giao diện website của mình.</span>&nbsp;</p>\n', '<p style=\"text-align:start;\"><span style=\"color: rgb(49,49,49);background-color: rgb(255,255,255);font-size: 16px;font-family: -apple-system, BlinkMacSystemFont, \"Segoe UI\", Roboto, \"Helvetica Neue\", Arial, \"Noto Sans\", sans-serif, \"Apple Color Emoji\", \"Segoe UI Emoji\", \"Segoe UI Symbol\", \"Noto Color Emoji;\">Tại serie này, mình sẽ nói qua chi tiết về HTML và định hướng cho bạn đến với HTML một cách nhanh chóng và dễ hiểu thông qua các ví dụ trực quan, cách diễn giải thú vị để bạn có thể vừa xem và vừa làm ngay trên máy tính của mình.</span></p>\n<p style=\"text-align:start;\"><span style=\"color: rgb(49,49,49);background-color: rgb(255,255,255);font-size: 16px;font-family: -apple-system, BlinkMacSystemFont, \"Segoe UI\", Roboto, \"Helvetica Neue\", Arial, \"Noto Sans\", sans-serif, \"Apple Color Emoji\", \"Segoe UI Emoji\", \"Segoe UI Symbol\", \"Noto Color Emoji;\">Trong xuyên suốt phần học này, bạn sẽ hiểu được làm thế nào mà một tập tin website được hình thành, cách triển khai nó và quan trọng nhất là ý nghĩa của những thẻ HTML (nhất là các thẻ thông dụng) vì sau này nó sẽ theo bạn suốt thời gian làm website.</span></p>\n<p style=\"text-align:start;\"><span style=\"color: rgb(49,49,49);background-color: rgb(255,255,255);font-size: 16px;font-family: -apple-system, BlinkMacSystemFont, \"Segoe UI\", Roboto, \"Helvetica Neue\", Arial, \"Noto Sans\", sans-serif, \"Apple Color Emoji\", \"Segoe UI Emoji\", \"Segoe UI Symbol\", \"Noto Color Emoji;\">Như mình đã nói, việc học HTML rất đơn giản nên chỉ cần bạn xem serie này trong vòng 2 – 3 giờ mỗi ngày thì bạn sẽ nắm được HTML trong vòng 3 ngày mà thôi.</span>&nbsp;</p>\n', 199000, 99000, 'f26eoaniklbfmtkin67c', NULL, NULL, 'demo', '2021-03-07 22:24:28', '2021-03-18 22:32:10', 1),
(13, 47, 11, 1, 0, 0, 7, 0, 'CSS', '<p><span style=\"color: rgb(49,49,49);background-color: rgb(255,255,255);font-size: 16px;font-family: -apple-system, BlinkMacSystemFont, \"Segoe UI\", Roboto, \"Helvetica Neue\", Arial, \"Noto Sans\", sans-serif, \"Apple Color Emoji\", \"Segoe UI Emoji\", \"Segoe UI Symbol\", \"Noto Color Emoji;\">Một trong các kiến thức cơ bản nhất của một người làm web dù chuyên nghiệp hay nghiệp dư đó là thành thạo HTML và CSS. Trong serie Học</span> <a href=\"https://thachpham.com/series/html-co-ban\" target=\"_self\"><span style=\"color: rgb(30,115,190);background-color: rgb(255,255,255);font-size: 16px;font-family: -apple-system, BlinkMacSystemFont, \"Segoe UI\", Roboto, \"Helvetica Neue\", Arial, \"Noto Sans\", sans-serif, \"Apple Color Emoji\", \"Segoe UI Emoji\", \"Segoe UI Symbol\", \"Noto Color Emoji;\">HTML cơ bản</span></a> <span style=\"color: rgb(49,49,49);background-color: rgb(255,255,255);font-size: 16px;font-family: -apple-system, BlinkMacSystemFont, \"Segoe UI\", Roboto, \"Helvetica Neue\", Arial, \"Noto Sans\", sans-serif, \"Apple Color Emoji\", \"Segoe UI Emoji\", \"Segoe UI Symbol\", \"Noto Color Emoji;\">của mình cũng đã nhiều lần nhắc qua CSS như một phần phải học sau khi đã hoàn thành HTML cơ bản, và đây là serie về CSS mà bạn bắt buộc phải xem nếu như muốn tự mình chỉnh sửa giao diện website.</span>&nbsp;</p>\n', '<h3 style=\"text-align:start;\"><span style=\"color: rgb(49,49,49);background-color: rgb(255,255,255);font-size: 20px;font-family: Open Sans\", sans-serif;\">Nội dung serie CSS căn bản</span></h3>\n<p style=\"text-align:start;\"><span style=\"color: rgb(49,49,49);background-color: rgb(255,255,255);font-size: 16px;font-family: -apple-system, BlinkMacSystemFont, \"Segoe UI\", Roboto, \"Helvetica Neue\", Arial, \"Noto Sans\", sans-serif, \"Apple Color Emoji\", \"Segoe UI Emoji\", \"Segoe UI Symbol\", \"Noto Color Emoji;\">Trong serie này mình sẽ nói qua các vấn đề cơ bản trong CSS nhưng quan trọng nhất, ví dụ như cấu trúc CSS cơ bản, làm việc với các vùng chọn (Selector), hiểu khái niệm position, phân biệt margin và padding, inline với block là thế nào, và quan trọng nhất là các kỹ thuật xây dựng layout website quan trọng mà bạn hay gặp phải (như làm thế nào để phân giao diện website ra 3 cột chẳng hạn).</span></p>\n<p style=\"text-align:start;\"><span style=\"color: rgb(49,49,49);background-color: rgb(255,255,255);font-size: 16px;font-family: -apple-system, BlinkMacSystemFont, \"Segoe UI\", Roboto, \"Helvetica Neue\", Arial, \"Noto Sans\", sans-serif, \"Apple Color Emoji\", \"Segoe UI Emoji\", \"Segoe UI Symbol\", \"Noto Color Emoji;\">Ngoài ra, trong serie này mình cũng nói qua các khái niệm về CSS3 mà đang được sử dụng rất nhiều hiện nay, bao gồm các hiệu ứng box shadows, text shadows, border radius, media query,…mà các khái niệm đó sẽ giúp website bạn trở nên lộng lẫy hơn. Mình dám chắc với các bạn đây là serie</span> <a href=\"https://thachpham.com/series/css-co-ban\" target=\"_self\"><span style=\"color: rgb(30,115,190);background-color: rgb(255,255,255);font-size: 16px;font-family: -apple-system, BlinkMacSystemFont, \"Segoe UI\", Roboto, \"Helvetica Neue\", Arial, \"Noto Sans\", sans-serif, \"Apple Color Emoji\", \"Segoe UI Emoji\", \"Segoe UI Symbol\", \"Noto Color Emoji;\">học CSS</span></a> <span style=\"color: rgb(49,49,49);background-color: rgb(255,255,255);font-size: 16px;font-family: -apple-system, BlinkMacSystemFont, \"Segoe UI\", Roboto, \"Helvetica Neue\", Arial, \"Noto Sans\", sans-serif, \"Apple Color Emoji\", \"Segoe UI Emoji\", \"Segoe UI Symbol\", \"Noto Color Emoji;\">bằng tiếng Việt đầy đủ nhất mà bạn đã từng thấy.</span>&nbsp;</p>\n', 199000, 99000, 'gqme5tqnqa0hab38pdvr', NULL, NULL, 'demo', '2021-03-07 22:58:02', '2021-03-18 22:14:01', 1),
(14, 47, 11, 1, 0, 0, 7, 0, 'jQuery', '<p><span style=\"color: rgb(3,3,3);background-color: rgb(249,249,249);font-size: 14px;font-family: Roboto, Arial, sans-serif;\">Làm việc với JQuery, cách nhúng jQuery và so sánh sự khác nhau giữa sử dụng Jquery và Javascript đơn thuần</span></p>\n', '<p><span style=\"color: rgb(3,3,3);background-color: rgb(249,249,249);font-size: 14px;font-family: Roboto, Arial, sans-serif;\">Làm việc với JQuery, cách nhúng jQuery và so sánh sự khác nhau giữa sử dụng Jquery và Javascript đơn thuần</span>&nbsp;</p>\n', 299000, 0, 'vgamz8paeoy79kpj17an', NULL, NULL, 'demo', '2021-03-07 23:16:26', '2021-03-18 22:14:23', 1),
(15, 47, 11, 1, 0, 0, 8, 0, 'Express', '<p><span style=\"color: rgb(27,27,27);background-color: rgb(255,255,255);font-size: 18px;font-family: Open Sans\", -apple-system, BlinkMacSystemFont, \"Segoe UI\", \"Helvetica Neue\", Arial, sans-serif, \"Apple Color Emoji\", \"Segoe UI Emoji\", \"Segoe UI Symbol;\">Express là một web application framework for nodejs, nó cung cấp cho chúng những rất nhiều tính năng mạnh mẽ trên nền tảng web. Express rất dễ dàng để phát triển các ứng dụng nhanh dựa trên Node.js cho các ứng dụng Web</span>&nbsp;</p>\n', '<p style=\"text-align:left;\"><span style=\"color: rgb(27,27,27);background-color: rgb(255,255,255);font-size: 18px;font-family: Open Sans\", -apple-system, BlinkMacSystemFont, \"Segoe UI\", \"Helvetica Neue\", Arial, sans-serif, \"Apple Color Emoji\", \"Segoe UI Emoji\", \"Segoe UI Symbol;\">Express là một web application framework for nodejs, nó cung cấp cho chúng những rất nhiều tính năng mạnh mẽ trên nền tảng web. Express rất dễ dàng để phát triển các ứng dụng nhanh dựa trên Node.js cho các ứng dụng Web. Express hỗ trợ các phương thức HTTP và middleware tạo ra 1 API rất mạnh mẽ và sử dụng dễ dàng hơn. Khi mới tiếp cận với Express mình thực sự bị cuốn hút bởi các API của nó, từ cách sử dụng route, template, đều khá dễ tùy chọn và làm việc. Các tính năng của Express framework phải kể đến như:</span></p>\n<ul>\n<li><span style=\"color: rgb(41,43,44);background-color: rgb(255,255,255);font-size: 1em;font-family: Open Sans\", -apple-system, BlinkMacSystemFont, \"Segoe UI\", \"Helvetica Neue\", Arial, sans-serif, \"Apple Color Emoji\", \"Segoe UI Emoji\", \"Segoe UI Symbol;\">Cho phép thiết lập các lớp trung gian để trả về các HTTP request.</span></li>\n<li><span style=\"color: rgb(41,43,44);background-color: rgb(255,255,255);font-size: 1em;font-family: Open Sans\", -apple-system, BlinkMacSystemFont, \"Segoe UI\", \"Helvetica Neue\", Arial, sans-serif, \"Apple Color Emoji\", \"Segoe UI Emoji\", \"Segoe UI Symbol;\">Định nghĩa routing có thể được sử dụng với các hành động khác nhau dựa trên phương thức HTTP và URL.</span></li>\n<li><span style=\"color: rgb(41,43,44);background-color: rgb(255,255,255);font-size: 1em;font-family: Open Sans\", -apple-system, BlinkMacSystemFont, \"Segoe UI\", \"Helvetica Neue\", Arial, sans-serif, \"Apple Color Emoji\", \"Segoe UI Emoji\", \"Segoe UI Symbol;\">Cho phép trả về các trang HTML dựa vào các tham số truyền vào đến template.</span>&nbsp;</li>\n</ul>\n', 499000, 29898, 'noevio7eifpzfzk0lw0z', NULL, NULL, 'demo', '2021-03-08 23:06:08', '2021-03-18 22:14:45', 1),
(16, 47, 11, 1, 0, 0, 9, 0, 'Laravel', '<p><strong>Laravel</strong> <span style=\"color: rgb(74,74,74);background-color: rgb(255,255,255);font-size: 16px;font-family: Roboto, sans-serif;\">là một PHP Framework mã nguồn mở miễn phí, được phát triển bởi Taylor Otwell với phiên bản đầu tiên được ra mắt vào tháng 6 năm 2011.</span> <strong>Laravel</strong><span style=\"color: rgb(74,74,74);background-color: rgb(255,255,255);font-size: 16px;font-family: Roboto, sans-serif;\"> ra đời nhằm mục đích hỗ trợ phát triển các ứng dụng web, dựa trên mô hình MVC (Model – View – Controller).  </span>&nbsp;</p>\n', '<h2 style=\"text-align:justify;\"><span style=\"color: rgb(74,74,74);background-color: rgb(255,255,255);font-size: 28px;font-family: Roboto, sans-serif;\">Tại sao nên sử dụng</span> <span style=\"color: rgb(74,74,74);background-color: rgb(255,255,255);font-size: 28px;font-family: Roboto, sans-serif;\"><strong>Laravel</strong>?</span></h2>\n<h3 style=\"text-align:justify;\"><span style=\"color: rgb(74,74,74);background-color: rgb(255,255,255);font-size: 24px;font-family: Roboto, sans-serif;\"><em>1. Bắt đầu dễ dàng</em></span></h3>\n<p style=\"text-align:justify;\"><span style=\"color: rgb(74,74,74);background-color: rgb(255,255,255);font-size: 16px;font-family: Roboto, sans-serif;\">Lý do đầu tiên phải kể đến chính việc</span> <span style=\"color: rgb(74,74,74);background-color: rgb(255,255,255);font-size: 16px;font-family: Roboto, sans-serif;\"><strong>Laravel</strong></span> <span style=\"color: rgb(74,74,74);background-color: rgb(255,255,255);font-size: 16px;font-family: Roboto, sans-serif;\">có thể sử dụng cực dễ dàng cho người mới bắt đầu, kể cả khi bạn chỉ biết sơ về PHP, bạn vẫn có khả năng phát triển 1 website với 5 trang trong vòng vài giờ. </span></p>\n<h3 style=\"text-align:justify;\"><span style=\"color: rgb(74,74,74);background-color: rgb(255,255,255);font-size: 24px;font-family: Roboto, sans-serif;\"><em>2. Có mã nguồn mở</em></span></h3>\n<p style=\"text-align:justify;\"><span style=\"color: rgb(74,74,74);background-color: rgb(255,255,255);font-size: 16px;font-family: Roboto, sans-serif;\">Framework</span> <span style=\"color: rgb(74,74,74);background-color: rgb(255,255,255);font-size: 16px;font-family: Roboto, sans-serif;\"><strong>Laravel </strong>với mã nguồn mở miễn phí, cho phép bạn xây dựng ứng dụng web lớn và phức tạp một cách nhanh chóng, dễ dàng. </span></p>\n<p style=\"text-align:justify;\"><span style=\"color: rgb(74,74,74);background-color: rgb(255,255,255);font-size: 16px;font-family: Roboto, sans-serif;\">Tất cả điều bạn cần làm ở đây là cài đặt PHP, cộng với một trình soạn thảo văn bản để bắt đầu. </span></p>\n<h3 style=\"text-align:justify;\"><span style=\"color: rgb(74,74,74);background-color: rgb(255,255,255);font-size: 24px;font-family: Roboto, sans-serif;\"><em>3. Hỗ trợ cộng đồng </em></span></h3>\n<p style=\"text-align:justify;\"><span style=\"color: rgb(74,74,74);background-color: rgb(255,255,255);font-size: 16px;font-family: Roboto, sans-serif;\">Trường hợp bạn mắc kẹt với những bug khó nhằn, nhưng có người đã trải qua và hướng dẫn bạn thì không còn gì tuyệt hơn. </span></p>\n<p style=\"text-align:justify;\"><span style=\"color: rgb(74,74,74);background-color: rgb(255,255,255);font-size: 16px;font-family: Roboto, sans-serif;\"><strong>Laravel</strong></span> <span style=\"color: rgb(74,74,74);background-color: rgb(255,255,255);font-size: 16px;font-family: Roboto, sans-serif;\">có một hệ thống thư viện hỗ trợ vô cùng lớn và mạnh hơn hẳn các Framework khác. </span></p>\n<p style=\"text-align:justify;\"><span style=\"color: rgb(74,74,74);background-color: rgb(255,255,255);font-size: 16px;font-family: Roboto, sans-serif;\">Nếu bạn report lỗi hoặc vi phạm bảo mật trong Framework, phản hồi của cộng đồng sẽ rất nhanh chóng. </span></p>\n<h3 style=\"text-align:justify;\"><span style=\"color: rgb(74,74,74);background-color: rgb(255,255,255);font-size: 24px;font-family: Roboto, sans-serif;\"><em>4. Theo dõi MVC</em></span></h3>\n<p style=\"text-align:justify;\"><span style=\"color: rgb(74,74,74);background-color: rgb(255,255,255);font-size: 16px;font-family: Roboto, sans-serif;\">Cấu trúc MVC và lập trình hướng đối tượng OOP vẫn được giữ lại trong Framework</span> <span style=\"color: rgb(74,74,74);background-color: rgb(255,255,255);font-size: 16px;font-family: Roboto, sans-serif;\"><strong>Laravel</strong>, giúp cung cấp tài liệu tốt hơn, và tăng hiệu suất hơn. </span>&nbsp;</p>\n', 199000, 0, 'd6qfwv8idpzmlmlegqyp', NULL, NULL, 'demo', '2021-03-09 00:05:27', '2021-03-18 23:44:16', 1),
(17, 39, 6, 1, 1, 0, 17, 1, 'Deep Learning with Pytorch', '<p><span style=\"color: rgb(0,0,0);background-color: rgb(255,255,255);font-size: 14px;font-family: Open Sans\", sans-serif;\">Pytorch là framework Deep Learning cho phép lập trình trên Python. Trên thực tế, PyTorch không chỉ là framework Deep Learning, mà chính là 1 package về tính toán khoa học (scientific computing).</span></p>\n', '<p style=\"text-align:start;\"><span style=\"color: rgb(30,115,190);background-color: rgb(255,255,255);font-size: 22px;font-family: Open Sans\", sans-serif;\"><strong>Lược Sử Pytorch</strong></span>&nbsp;</p>\n<p><span style=\"color: rgb(0,0,0);background-color: rgb(255,255,255);font-size: 14px;font-family: Open Sans\", sans-serif;\">Bản phát hành đầu tiên của PyTorch là vào tháng 10 năm 2016 Trước khi PyTorch được tạo ra, đã có và tồn tại một framework khác có tên là Torch. Torch là một machine learning framework đã tồn tại khá lâu và dựa trên ngôn ngữ lập trình</span> <a href=\"https://en.wikipedia.org/wiki/Lua_(programming_language)\" target=\"_blank\"><span style=\"color: rgb(221,51,51);background-color: transparent;font-size: 14px;font-family: Open Sans\", sans-serif;\">Lua</span></a><span style=\"color: rgb(0,0,0);background-color: rgb(255,255,255);font-size: 14px;font-family: Open Sans\", sans-serif;\">.</span></p>\n<p style=\"text-align:start;\"><span style=\"color: rgb(0,0,0);background-color: rgb(255,255,255);font-size: 14px;font-family: Open Sans\", sans-serif;\">Soumith Chintala được ghi nhận là người khởi động dự án PyTorch và lý do tạo ra PyTorch của anh ấy khá đơn giản đó là phiên bản Lua của Torch đã cũ và vì vậy cần có phiên bản mới hơn được viết bằng Python. Kết quả là PyTorch ra đời.</span></p>\n<p style=\"text-align:start;\"><span style=\"color: rgb(0,0,0);background-color: rgb(255,255,255);font-size: 14px;font-family: Open Sans\", sans-serif;\"><strong>Facebook Đã Tạo PyTorch: </strong>Một điều mà bạn có thể nghe về PyTorch là nó được tạo ra và được duy trì bởi Facebook. Điều này là do Soumith Chintala đã làm việc tại Facebook AI Research khi PyTorch được tạo ra.</span>&nbsp;</p>\n<h3 style=\"text-align:start;\"><span style=\"color: rgb(30,115,190);background-color: rgb(255,255,255);font-size: 22px;font-family: Open Sans\", sans-serif;\"><strong>Tại Sao Lại Sử Dụng Pytorch?</strong></span></h3>\n<p style=\"text-align:start;\"><span style=\"color: rgb(0,0,0);background-color: rgb(255,255,255);font-size: 14px;font-family: Open Sans\", sans-serif;\">Đối với những người mới bắt đầu học Deep Learning và Neural Network, lý do hàng đầu để học PyTorch đó là nó là một framework dễ học và dễ sử dụng, đủ linh hoạt để sử dụng trong các ứng dụng khác nhau, hiệu quả để chúng ta có thể xử lý các bộ dữ liệu thực tế lớn và đủ chính xác để cung cấp kết quả chính xác ngay cả khi không chắc chắn về dữ liệu đầu vào.</span></p>\n<p style=\"text-align:start;\"><span style=\"color: rgb(0,0,0);background-color: rgb(255,255,255);font-size: 14px;font-family: Open Sans\", sans-serif;\">Khi chúng ta xây dựng mạng Neural với PyTorch, chúng ta đã tiến rất gần đến việc lập trình mạng Neural từ đầu. Trải nghiệm lập trình trong PyTorch gần giống như thực tế.</span></p>\n<p style=\"text-align:start;\"><span style=\"color: rgb(0,0,0);background-color: rgb(255,255,255);font-size: 14px;font-family: Open Sans\", sans-serif;\">Nhìn chung, PyTorch là một công cụ tuyệt vời để nâng cao hiểu biết của chúng ta về Deep Learning và mạng Neural.</span>&nbsp;</p>\n', 20, 11, 'p54jasj6njetbnlldsmn', 5, NULL, 'demo', '2021-03-09 23:44:37', '2021-03-18 18:30:38', 1),
(18, 40, 12, 0, 0, 1, 4, 0, 'Android Tutorial', '<p><span style=\"color: rgb(0,0,0);background-color: rgb(255,255,255);font-size: 16px;font-family: Arial, Verdana, Tahoma;\">Android is an open source and Linux-based operating system for mobile devices such as smartphones and tablet computers. Android was developed by the Open Handset Alliance, led by Google, and other companies. This tutorial will teach you basic Android programming and will also take you through some advance concepts related to Android application development.</span>&nbsp;</p>\n', '<p><span style=\"color: rgb(0,0,0);background-color: rgb(255,255,255);font-size: 16px;font-family: Arial, Verdana, Tahoma;\">This tutorial has been prepared for the beginners to help them understand basic Android programming. After completing this tutorial you will find yourself at a moderate level of expertise in Android programming from where you can take yourself to next levels.</span>&nbsp;</p>\n', 1, 1, 'ryrikle4ykptftptkzml', NULL, NULL, 'demo', '2021-03-14 20:05:34', '2021-03-19 01:57:37', 1),
(19, 40, 12, 0, 0, 0, 1, 0, 'What is Android?', '<p><span style=\"color: rgb(0,0,0);background-color: rgb(255,255,255);font-size: 16px;font-family: Arial, Verdana, Tahoma;\">Android is an open source and Linux-based</span> <span style=\"color: rgb(0,0,0);background-color: rgb(255,255,255);font-size: 16px;font-family: Arial, Verdana, Tahoma;\">Operating System</span> <span style=\"color: rgb(0,0,0);background-color: rgb(255,255,255);font-size: 16px;font-family: Arial, Verdana, Tahoma;\">for mobile devices such as smartphones and tablet computers. Android was developed by the</span> <span style=\"color: rgb(0,0,0);background-color: rgb(255,255,255);font-size: 16px;font-family: Arial, Verdana, Tahoma;\">Open Handset Alliance, led by Google, and other companies.</span>&nbsp;</p>\n', '<p style=\"text-align:justify;\"><span style=\"color: rgb(0,0,0);font-size: 16px;font-family: Arial, Verdana, Tahoma;\">Android offers a unified approach to application development for mobile devices which means developers need only develop for Android, and their applications should be able to run on different devices powered by Android.</span></p>\n<p style=\"text-align:justify;\"><span style=\"color: rgb(0,0,0);font-size: 16px;font-family: Arial, Verdana, Tahoma;\">The first beta version of the Android Software Development Kit (SDK) was released by Google in 2007 where as the first commercial version, Android 1.0, was released in September 2008.</span></p>\n<p style=\"text-align:justify;\"><span style=\"color: rgb(0,0,0);font-size: 16px;font-family: Arial, Verdana, Tahoma;\">On June 27, 2012, at the Google I/O conference, Google announced the next Android version, 4.1</span> <span style=\"color: rgb(0,0,0);font-size: 16px;font-family: Arial, Verdana, Tahoma;\">Jelly Bean. Jelly Bean is an incremental update, with the primary aim of improving the user interface, both in terms of functionality and performance.</span></p>\n<p style=\"text-align:justify;\"><span style=\"color: rgb(0,0,0);font-size: 16px;font-family: Arial, Verdana, Tahoma;\">The source code for Android is available under free and open source software licenses. Google publishes most of the code under the Apache License version 2.0 and the rest, Linux kernel changes, under the GNU General Public License version 2.</span>&nbsp;</p>\n', 123312, 321, 'ubp021b5vpsopeodvvux', NULL, NULL, 'demo', '2021-03-14 20:22:24', '2021-03-18 21:35:16', 1),
(20, 40, 12, 0, 0, 0, 0, 0, 'Android - Environment Setup', '<p style=\"text-align:justify;\"><span style=\"color: rgb(0,0,0);font-size: 16px;font-family: Arial, Verdana, Tahoma;\">You will be glad to know that you can start your Android application development on either of the following operating systems −</span></p>\n<ul>\n<li></li>\n</ul>\n<p style=\"text-align:justify;\"><span style=\"color: rgb(0,0,0);background-color: initial;font-size: 16px;font-family: Arial, Verdana, Tahoma;\">Microsoft Windows XP or later version.</span></p>\n<ul>\n<li></li>\n</ul>\n<p style=\"text-align:justify;\"><span style=\"color: rgb(0,0,0);background-color: initial;font-size: 16px;font-family: Arial, Verdana, Tahoma;\">Mac OS X 10.5.8 or later version with Intel chip.</span></p>\n<ul>\n<li></li>\n</ul>\n<p style=\"text-align:justify;\"><span style=\"color: rgb(0,0,0);background-color: initial;font-size: 16px;font-family: Arial, Verdana, Tahoma;\">Linux including GNU C Library 2.7 or later.</span>&nbsp;</p>\n', '<h2 style=\"text-align:start;\"><span style=\"color: rgba(0,0,0,0.87);font-size: 23px;font-family: Arial, Verdana, Tahoma;\">Set-up Java Development Kit (JDK)</span></h2>\n<p style=\"text-align:justify;\"><span style=\"color: rgb(0,0,0);font-size: 16px;font-family: Arial, Verdana, Tahoma;\">You can download the latest version of Java JDK from Oracle\'s Java site −</span> <a href=\"http://www.oracle.com/technetwork/java/javase/downloads/index.html\" target=\"_blank\"><span style=\"color: rgb(49,49,49);background-color: initial;font-size: 16px;font-family: Arial, Verdana, Tahoma;\">Java SE Downloads</span></a><span style=\"color: rgb(0,0,0);font-size: 16px;font-family: Arial, Verdana, Tahoma;\">. You will find instructions for installing JDK in downloaded files, follow the given instructions to install and configure the setup. Finally set PATH and JAVA_HOME environment variables to refer to the directory that contains</span> <span style=\"color: rgb(0,0,0);font-size: 16px;font-family: Arial, Verdana, Tahoma;\">java</span> <span style=\"color: rgb(0,0,0);font-size: 16px;font-family: Arial, Verdana, Tahoma;\">and</span> <span style=\"color: rgb(0,0,0);font-size: 16px;font-family: Arial, Verdana, Tahoma;\">javac, typically java_install_dir/bin and java_install_dir respectively.</span></p>\n<p style=\"text-align:justify;\"><span style=\"color: rgb(0,0,0);font-size: 16px;font-family: Arial, Verdana, Tahoma;\">If you are running Windows and installed the JDK in C:\\jdk1.8.0_102, you would have to put the following line in your C:\\autoexec.bat file.</span>&nbsp;</p>\n', 123, 312, 's0x5sofh1wkx8lgr4npa', NULL, NULL, 'demo', '2021-03-14 20:25:54', '2021-03-14 13:26:08', 1),
(21, 40, 12, 0, 0, 0, 0, 0, 'Android - Architecture', '<p><span style=\"color: rgb(0,0,0);background-color: rgb(255,255,255);font-size: 16px;font-family: Arial, Verdana, Tahoma;\">Android operating system is a stack of software components which is roughly divided into five sections and four main layers as shown below in the architecture diagram.</span>&nbsp;</p>\n', '<h2 style=\"text-align:start;\"><span style=\"color: rgba(0,0,0,0.87);font-size: 23px;font-family: Arial, Verdana, Tahoma;\">Linux kernel</span></h2>\n<p style=\"text-align:justify;\"><span style=\"color: rgb(0,0,0);font-size: 16px;font-family: Arial, Verdana, Tahoma;\">At the bottom of the layers is Linux - Linux 3.6 with approximately 115 patches. This provides a level of abstraction between the device hardware and it contains all the essential hardware drivers like camera, keypad, display etc. Also, the kernel handles all the things that Linux is really good at such as networking and a vast array of device drivers, which take the pain out of interfacing to peripheral hardware.</span></p>\n<h2 style=\"text-align:start;\"><span style=\"color: rgba(0,0,0,0.87);font-size: 23px;font-family: Arial, Verdana, Tahoma;\">Libraries</span></h2>\n<p style=\"text-align:justify;\"><span style=\"color: rgb(0,0,0);font-size: 16px;font-family: Arial, Verdana, Tahoma;\">On top of Linux kernel there is a set of libraries including open-source Web browser engine WebKit, well known library libc, SQLite database which is a useful repository for storage and sharing of application data, libraries to play and record audio and video, SSL libraries responsible for Internet security etc</span>&nbsp;</p>\n', 123, 321, 'tpc5kgfgp0rvhycshmv0', NULL, NULL, 'demo', '2021-03-14 20:27:36', '2021-03-14 13:27:52', 1),
(22, 40, 12, 0, 0, 0, 0, 0, 'Hello World', '<p style=\"text-align:justify;\"><span style=\"color: rgb(0,0,0);font-size: 16px;font-family: Arial, Verdana, Tahoma;\">Let us start actual programming with Android Framework. Before you start writing your first example using Android SDK, you have to make sure that you have set-up your Android development environment properly as explained in</span> <a href=\"https://www.tutorialspoint.com/android/android_environment_setup.htm\" target=\"_self\"><span style=\"color: rgb(49,49,49);background-color: initial;font-size: 16px;font-family: Arial, Verdana, Tahoma;\">Android - Environment Set-up</span></a> <span style=\"color: rgb(0,0,0);font-size: 16px;font-family: Arial, Verdana, Tahoma;\">tutorial. I also assume that you have a little bit working knowledge with Android studio.</span></p>\n<p style=\"text-align:justify;\"><span style=\"color: rgb(0,0,0);font-size: 16px;font-family: Arial, Verdana, Tahoma;\">So let us proceed to write a simple Android Application which will print \"Hello World!\"</span>&nbsp;</p>\n', '<h2 style=\"text-align:start;\"><span style=\"color: rgba(0,0,0,0.87);font-size: 23px;font-family: Arial, Verdana, Tahoma;\">Create Android Application</span></h2>\n<p style=\"text-align:justify;\"><span style=\"color: rgb(0,0,0);font-size: 16px;font-family: Arial, Verdana, Tahoma;\">The first step is to create a simple Android Application using Android studio. When you click on Android studio icon, it will show screen as shown below</span>&nbsp;</p>\n', 123, 321, 'gjhgg3vcf0wayvvki8xv', NULL, NULL, 'demo', '2021-03-14 20:30:02', '2021-03-14 13:31:36', 1),
(23, 41, 12, 0, 0, 0, 1, 0, 'Kỹ năng giao tiếp', '<p style=\"text-align:justify;\"><span style=\"color: rgb(68,68,68);background-color: rgb(255,255,255);font-size: 16px;font-family: Roboto, Helvetica, Arial, sans-serif;\">Là sinh viên, bạn phải viết rất nhiều, từ tiểu luận, khóa luận đến email trao đổi với giảng viên, thậm chí cả bài báo đăng trên tạp chí sinh viên của trường. Điều này giúp cải thiện đáng kể khả năng giao tiếp bằng văn bản - kỹ năng đặc biệt quan trọng cho nghề nghiệp của bạn.</span></p>\n', '<p><br><span style=\"color: rgb(68,68,68);background-color: rgb(255,255,255);font-size: 16px;font-family: Roboto, Helvetica, Arial, sans-serif;\">Đại học không chỉ giúp bạn viết tốt hơn mà còn giúp cải thiện khả năng tương tác mặt đối mặt với người khác. Bạn sẽ gặp rất nhiều người ở trường đại học. Họ có những hoàn cảnh, nền tảng, vùng hiểu biết... khác nhau và khác với chính bạn. Việc bạn giao tiếp, có quan hệ tốt với họ là rất quý giá.</span>&nbsp;&nbsp;</p>\n', 1, -6, 'sacslfoiugibxiq7drxs', NULL, NULL, 'demo', '2021-03-14 20:51:16', '2021-03-18 21:38:45', 1),
(24, 41, 12, 0, 0, 0, 0, 0, 'Lập kế hoạch ngân sách và quản lý tiền tệ', '<h2 style=\"text-align:justify;\"></h2>\n<p style=\"text-align:justify;\"><span style=\"color: rgb(68,68,68);background-color: rgb(255,255,255);font-size: 16px;font-family: Roboto, Helvetica, Arial, sans-serif;\">Học đại học, bạn sẽ phải quen dần với việc tự quản lý tiền bạc, trả tiền thuê nhà, hóa đơn tiện ích cũng như các khoản ngân sách chi cho việc ăn, uống và các cuộc vui chơi. Nếu nắm giữ một chức vụ trong tổ chức nào đó, bạn có thể phải chịu trách nhiệm giải quyết những khoản tiền lớn hơn.</span>&nbsp;</p>\n', '<p><span style=\"color: rgb(68,68,68);background-color: rgb(255,255,255);font-size: 16px;font-family: Roboto, Helvetica, Arial, sans-serif;\">Điều này sẽ tạo ra kinh nghiệm quản lý tiền tệ tuyệt vời. Dù công việc bạn đang hướng tới không đòi hỏi phải trực tiếp quản lý tiền bạc, nó vẫn giúp bạn trở thành người có trách nhiệm và đáng tin cậy trong suy nghĩ của nhà tuyển dụng.</span>&nbsp;</p>\n', 1, 2, 'gstcmevgk9fgrqhs4q7t', NULL, NULL, 'demo', '2021-03-14 20:52:31', '2021-03-14 13:55:40', 1),
(25, 41, 12, 0, 0, 0, 1, 0, 'Quản ly thời gian', '<p><span style=\"color: rgb(68,68,68);background-color: rgb(255,255,255);font-size: 16px;font-family: Roboto, Helvetica, Arial, sans-serif;\">Bạn đã tham gia rất nhiều hoạt động ngoại khóa hoặc có một công việc bán thời gian khi ở trường đại học tức là bạn đã biết phân chia thời gian, biết cách làm thế nào để quản lý khối lượng công việc của mình. Nhà tuyển dụng luôn đánh giá cao nhân viên có thể đưa ra nhiều cam kết.</span><br></p>\n', '<p><span style=\"color: rgb(68,68,68);background-color: rgb(255,255,255);font-size: 16px;font-family: Roboto, Helvetica, Arial, sans-serif;\">Ngay cả khi bạn quá tập trung thời gian cho hoạt động xã hội hay công việc bán thời gian, khả năng đáp ứng deadline (hạn cuối) cũng là minh chứng cho thấy kỹ năng quản lý thời gian của bạn.</span>&nbsp;&nbsp;</p>\n', 1, 0, 'f2jwylcyiqb9obl4r2x0', NULL, NULL, 'demo', '2021-03-14 20:53:21', '2021-03-18 23:14:53', 1),
(26, 41, 12, 0, 0, 0, 0, 0, 'Kỹ năng phản biện', '<p><span style=\"color: rgb(68,68,68);background-color: rgb(255,255,255);font-size: 16px;font-family: Roboto, Helvetica, Arial, sans-serif;\">Trong quá trình học, bạn sẽ phải đối mặt với nhiều vấn đề cảm thấy khó có thể giải quyết như một bài luận khó nhằn hay một vấn đề toán học. Khi đó, bạn phải chủ động, suy nghĩ rộng, tiếp cận vấn đề từ những góc độ mới và thậm chí phải thực hiện thêm một số nghiên cứu, khảo sát.</span>&nbsp;</p>\n', '<p><span style=\"color: rgb(68,68,68);background-color: rgb(255,255,255);font-size: 16px;font-family: Roboto, Helvetica, Arial, sans-serif;\">Trong quá trình học, bạn sẽ phải đối mặt với nhiều vấn đề cảm thấy khó có thể giải quyết như một bài luận khó nhằn hay một vấn đề toán học. Khi đó, bạn phải chủ động, suy nghĩ rộng, tiếp cận vấn đề từ những góc độ mới và thậm chí phải thực hiện thêm một số nghiên cứu, khảo sát.</span>&nbsp;</p>\n', 1, 2, 'du4hpfgyfaxwabd3kwe2', NULL, NULL, 'demo', '2021-03-14 20:54:19', '2021-03-14 13:55:40', 1),
(27, 41, 12, 0, 0, 0, 4, 0, 'Tiếp thu lời phê bình', '<p><span style=\"color: rgb(68,68,68);background-color: rgb(255,255,255);font-size: 16px;font-family: Roboto, Helvetica, Arial, sans-serif;\">Không ai hoàn hảo và bạn sẽ nhận được rất nhiều nhận xét, phê bình mang tính xây dựng từ thầy cô, bạn bè. Người sử dụng lao động muốn nhân viên có khả năng chịu đựng và tiếp thu những lời chỉ trích mang tính xây dựng, áp dụng nó để cải thiện công việc. </span><br></p>\n', '<p><span style=\"color: rgb(68,68,68);background-color: rgb(255,255,255);font-size: 16px;font-family: Roboto, Helvetica, Arial, sans-serif;\">Điều này có vẻ không dễ dàng chứng minh nhưng trong cuộc phỏng vấn xin việc, bạn nên kể những câu chuyện về cách dùng ý kiến góp ý của mọi người để cải thiện hiệu quả công việc. Nó sẽ giúp bạn ghi điểm và có nhiều cơ hội nghề nghiệp hơn.</span><br>&nbsp;</p>\n', 22, 2, 'ojuaywevm4bqqfkgzxll', NULL, NULL, 'demo', '2021-03-14 20:55:13', '2021-03-18 23:43:32', 1);
INSERT INTO `courses` (`id`, `id_category`, `id_creator`, `status`, `total_purchased`, `total_registration`, `number_of_view`, `number_of_rating`, `title`, `des_short`, `des_long`, `price`, `promotion_price`, `image`, `avg_rating`, `total_time`, `attachment`, `created_at`, `updated_at`, `active`) VALUES
(28, 42, 12, 0, 0, 0, 2, 0, 'What is Artificial Intelligence?', '<p style=\"text-align:start;\"><span style=\"color: rgb(0,0,0);background-color: rgb(255,255,255);font-size: 14px;font-family: verdana, helvetica, arial, sans-serif;\">Here, one of the booming technologies of computer science is Artificial Intelligence which is ready to create a new revolution in the world by making intelligent machines.The Artificial Intelligence is now all around us. It is currently working with a variety of subfields, ranging from general to specific, such as self-driving cars, playing chess, proving theorems, playing music, Painting, etc.</span></p>\n<p style=\"text-align:start;\"><span style=\"color: rgb(0,0,0);background-color: rgb(255,255,255);font-size: 14px;font-family: verdana, helvetica, arial, sans-serif;\">AI is one of the fascinating and universal fields of Computer science which has a great scope in future. AI holds a tendency to cause a machine to work as a human.</span>&nbsp;</p>\n', '<p style=\"text-align:start;\"><span style=\"color: rgb(0,0,0);background-color: rgb(255,255,255);font-size: 14px;font-family: verdana, helvetica, arial, sans-serif;\">Artificial Intelligence is composed of two words</span> <span style=\"color: rgb(0,0,0);background-color: rgb(255,255,255);font-size: 14px;font-family: verdana, helvetica, arial, sans-serif;\"><strong>Artificial</strong></span> <span style=\"color: rgb(0,0,0);background-color: rgb(255,255,255);font-size: 14px;font-family: verdana, helvetica, arial, sans-serif;\">and</span> <span style=\"color: rgb(0,0,0);background-color: rgb(255,255,255);font-size: 14px;font-family: verdana, helvetica, arial, sans-serif;\"><strong>Intelligence</strong>, where Artificial defines</span> <span style=\"color: rgb(0,0,0);background-color: rgb(255,255,255);font-size: 14px;font-family: verdana, helvetica, arial, sans-serif;\"><em>\"man-made,\"</em></span> <span style=\"color: rgb(0,0,0);background-color: rgb(255,255,255);font-size: 14px;font-family: verdana, helvetica, arial, sans-serif;\">and intelligence defines</span> <span style=\"color: rgb(0,0,0);background-color: rgb(255,255,255);font-size: 14px;font-family: verdana, helvetica, arial, sans-serif;\"><em>\"thinking power\"</em>, hence AI means</span> <span style=\"color: rgb(0,0,0);background-color: rgb(255,255,255);font-size: 14px;font-family: verdana, helvetica, arial, sans-serif;\"><em>\"a man-made thinking power.\"</em></span></p>\n<p style=\"text-align:start;\"><span style=\"color: rgb(0,0,0);background-color: rgb(255,255,255);font-size: 14px;font-family: verdana, helvetica, arial, sans-serif;\">So, we can define AI as:</span></p>\n<blockquote style=\"text-align:start;\">&nbsp;<span style=\"color: rgb(0,0,0);background-color: rgb(249,249,249);font-size: 16px;font-family: Cambria, Georgia, serif;\">\"It is a branch of computer science by which we can create intelligent machines which can behave like a human, think like humans, and able to make decisions.\"</span>&nbsp;</blockquote>\n<p style=\"text-align:start;\"><span style=\"color: rgb(0,0,0);background-color: rgb(255,255,255);font-size: 14px;font-family: verdana, helvetica, arial, sans-serif;\">Artificial Intelligence exists when a machine can have human based skills such as learning, reasoning, and solving problems</span></p>\n<p style=\"text-align:start;\"></p>\n', 1, 0, 'ngn8zqp5g3e7vvhpbjse', NULL, NULL, 'demo', '2021-03-14 21:02:31', '2021-03-18 23:14:36', 1),
(29, 42, 12, 0, 0, 0, 1, 0, 'Types of AI Agents', '<p><span style=\"color: rgb(0,0,0);background-color: rgb(255,255,255);font-size: 14px;font-family: verdana, helvetica, arial, sans-serif;\">Agents can be grouped into five classes based on their degree of perceived intelligence and capability</span>&nbsp;</p>\n', '<h2 style=\"text-align:start;\"><span style=\"color: rgb(97,11,56);background-color: rgb(255,255,255);font-size: 25px;font-family: erdana, helvetica, arial, sans-serif;\">1. Simple Reflex agent:</span></h2>\n<ul>\n<li><span style=\"color: rgb(0,0,0);background-color: rgb(255,255,255);font-size: 14px;font-family: verdana, helvetica, arial, sans-serif;\">The Simple reflex agents are the simplest agents. These agents take decisions on the basis of the current percepts and ignore the rest of the percept history.</span></li>\n<li><span style=\"color: rgb(0,0,0);background-color: rgb(255,255,255);font-size: 14px;font-family: verdana, helvetica, arial, sans-serif;\">These agents only succeed in the fully observable environment.</span></li>\n<li><span style=\"color: rgb(0,0,0);background-color: rgb(255,255,255);font-size: 14px;font-family: verdana, helvetica, arial, sans-serif;\">The Simple reflex agent does not consider any part of percepts history during their decision and action process.</span></li>\n<li><span style=\"color: rgb(0,0,0);background-color: rgb(255,255,255);font-size: 14px;font-family: verdana, helvetica, arial, sans-serif;\">The Simple reflex agent works on Condition-action rule, which means it maps the current state to action. Such as a Room Cleaner agent, it works only if there is dirt in the room.</span></li>\n<li><span style=\"color: rgb(0,0,0);background-color: rgb(255,255,255);font-size: 14px;font-family: verdana, helvetica, arial, sans-serif;\">Problems for the simple reflex agent design approach:</span></li>\n<ul>\n<li><span style=\"color: rgb(0,0,0);background-color: rgb(255,255,255);font-size: 14px;font-family: verdana, helvetica, arial, sans-serif;\">They have very limited intelligence</span></li>\n<li><span style=\"color: rgb(0,0,0);background-color: rgb(255,255,255);font-size: 14px;font-family: verdana, helvetica, arial, sans-serif;\">They do not have knowledge of non-perceptual parts of the current state</span></li>\n<li><span style=\"color: rgb(0,0,0);background-color: rgb(255,255,255);font-size: 14px;font-family: verdana, helvetica, arial, sans-serif;\">Mostly too big to generate and to store.</span></li>\n<li><span style=\"color: rgb(0,0,0);background-color: rgb(255,255,255);font-size: 14px;font-family: verdana, helvetica, arial, sans-serif;\">Not adaptive to changes in the environment.</span>&nbsp;</li>\n</ul>\n</ul>\n', 2, 9, 'ci0igujm8lbru89jggoc', NULL, NULL, 'demo', '2021-03-14 21:04:42', '2021-03-18 21:39:54', 1),
(30, 42, 12, 0, 0, 0, 0, 0, 'Search Algorithms in Artificial Intelligence', '<p><span style=\"color: rgb(0,0,0);background-color: rgb(255,255,255);font-size: 14px;font-family: verdana, helvetica, arial, sans-serif;\">Search algorithms are one of the most important areas of Artificial Intelligence. This topic will explain all about the search algorithms in AI.</span>&nbsp;</p>\n', '<h3 style=\"text-align:start;\"><span style=\"color: rgb(97,11,75);background-color: rgb(255,255,255);font-size: 21px;font-family: erdana, helvetica, arial, sans-serif;\">Problem-solving agents:</span></h3>\n<p style=\"text-align:start;\"><span style=\"color: rgb(0,0,0);background-color: rgb(255,255,255);font-size: 14px;font-family: verdana, helvetica, arial, sans-serif;\">In Artificial Intelligence, Search techniques are universal problem-solving methods.</span> <span style=\"color: rgb(0,0,0);background-color: rgb(255,255,255);font-size: 14px;font-family: verdana, helvetica, arial, sans-serif;\"><strong>Rational agents</strong></span> <span style=\"color: rgb(0,0,0);background-color: rgb(255,255,255);font-size: 14px;font-family: verdana, helvetica, arial, sans-serif;\">or</span> <span style=\"color: rgb(0,0,0);background-color: rgb(255,255,255);font-size: 14px;font-family: verdana, helvetica, arial, sans-serif;\"><strong>Problem-solving agents</strong></span> <span style=\"color: rgb(0,0,0);background-color: rgb(255,255,255);font-size: 14px;font-family: verdana, helvetica, arial, sans-serif;\">in AI mostly used these search strategies or algorithms to solve a specific problem and provide the best result. Problem-solving agents are the goal-based agents and use atomic representation. In this topic, we will learn various problem-solving search algorithms.</span>&nbsp;</p>\n', 123, 311, 'rtdh4tjdr43kgex3xvb5', NULL, NULL, 'demo', '2021-03-14 21:05:45', '2021-03-14 14:08:31', 1),
(31, 42, 12, 0, 0, 0, 0, 0, 'Adversarial Search', '<p><strong>Adversarial search is a search, where we examine the problem which arises when we try to plan ahead of the world and other agents are planning against us.</strong>&nbsp;</p>\n', '<ul>\n<li><span style=\"color: rgb(0,0,0);background-color: rgb(255,255,255);font-size: 14px;font-family: verdana, helvetica, arial, sans-serif;\">In previous topics, we have studied the search strategies which are only associated with a single agent that aims to find the solution which often expressed in the form of a sequence of actions.</span></li>\n<li><span style=\"color: rgb(0,0,0);background-color: rgb(255,255,255);font-size: 14px;font-family: verdana, helvetica, arial, sans-serif;\">But, there might be some situations where more than one agent is searching for the solution in the same search space, and this situation usually occurs in game playing.</span></li>\n<li><span style=\"color: rgb(0,0,0);background-color: rgb(255,255,255);font-size: 14px;font-family: verdana, helvetica, arial, sans-serif;\">The environment with more than one agent is termed as</span> <span style=\"color: rgb(0,0,0);background-color: rgb(255,255,255);font-size: 14px;font-family: verdana, helvetica, arial, sans-serif;\"><strong>multi-agent environment</strong>, in which each agent is an opponent of other agent and playing against each other. Each agent needs to consider the action of other agent and effect of that action on their performance.</span></li>\n<li><span style=\"color: rgb(0,0,0);background-color: rgb(255,255,255);font-size: 14px;font-family: verdana, helvetica, arial, sans-serif;\">So,</span> <span style=\"color: rgb(0,0,0);background-color: rgb(255,255,255);font-size: 14px;font-family: verdana, helvetica, arial, sans-serif;\"><strong>Searches in which two or more players with conflicting goals are trying to explore the same search space for the solution, are called adversarial searches, often known as Games</strong>.</span>&nbsp;</li>\n</ul>\n', 12, 321, 'izmi1mnmr03irxp1kgnx', NULL, NULL, 'demo', '2021-03-14 21:07:27', '2021-03-14 14:08:31', 1),
(32, 42, 12, 0, 0, 0, 9, 0, 'Knowledge-Based Agent in Artificial intelligence', '<p><span style=\"color: rgb(0,0,0);background-color: rgb(255,255,255);font-size: 14px;font-family: verdana, helvetica, arial, sans-serif;\">An intelligent agent needs</span> <span style=\"color: rgb(0,0,0);background-color: rgb(255,255,255);font-size: 14px;font-family: verdana, helvetica, arial, sans-serif;\"><strong>knowledge</strong></span> <span style=\"color: rgb(0,0,0);background-color: rgb(255,255,255);font-size: 14px;font-family: verdana, helvetica, arial, sans-serif;\">about the real world for taking decisions and</span> <span style=\"color: rgb(0,0,0);background-color: rgb(255,255,255);font-size: 14px;font-family: verdana, helvetica, arial, sans-serif;\"><strong>reasoning</strong></span> <span style=\"color: rgb(0,0,0);background-color: rgb(255,255,255);font-size: 14px;font-family: verdana, helvetica, arial, sans-serif;\">to act efficiently.</span>&nbsp;</p>\n', '<p style=\"text-align:start;\"><span style=\"color: rgb(0,0,0);background-color: rgb(255,255,255);font-size: 14px;font-family: verdana, helvetica, arial, sans-serif;\">A knowledge-based agent must able to do the following:</span></p>\n<ul>\n<li><span style=\"color: rgb(0,0,0);background-color: rgb(255,255,255);font-size: 14px;font-family: verdana, helvetica, arial, sans-serif;\">An agent should be able to represent states, actions, etc.</span></li>\n<li><span style=\"color: rgb(0,0,0);background-color: rgb(255,255,255);font-size: 14px;font-family: verdana, helvetica, arial, sans-serif;\">An agent Should be able to incorporate new percepts</span></li>\n<li><span style=\"color: rgb(0,0,0);background-color: rgb(255,255,255);font-size: 14px;font-family: verdana, helvetica, arial, sans-serif;\">An agent can update the internal representation of the world</span></li>\n<li><span style=\"color: rgb(0,0,0);background-color: rgb(255,255,255);font-size: 14px;font-family: verdana, helvetica, arial, sans-serif;\">An agent can deduce the internal representation of the world</span></li>\n<li><span style=\"color: rgb(0,0,0);background-color: rgb(255,255,255);font-size: 14px;font-family: verdana, helvetica, arial, sans-serif;\">An agent can deduce appropriate actions.</span>&nbsp;</li>\n</ul>\n', 19, 9, 'kftulewkabnycbkglyf2', NULL, NULL, 'demo', '2021-03-14 21:08:16', '2021-03-18 23:14:18', 1),
(36, 45, 11, 1, 2, 0, 25, 2, 'Cocos2d-X', '<p><span style=\"color: rgb(3,3,3);background-color: rgb(249,249,249);font-size: 14px;font-family: Roboto, Arial, sans-serif;\">Cocos2d là một framework dùng để thiết kế hoàn toàn miễn phí, tính năng mạnh mẽ &amp; dễ sử dụng nhất trên toàn thế giới. Ưu điểm tuyệt vời nhất của Cocos2d là \"Code once, run anywhere\": Nghĩa là bạn chỉ cần viết code một lần duy nhất cho mọi dòng máy iOS, Android, Windows Phone và cả máy tính bàn.</span>&nbsp;</p>\n', '<p><span style=\"color: rgb(3,3,3);background-color: rgb(249,249,249);font-size: 14px;font-family: Roboto, Arial, sans-serif;\">Cocos2d là một framework dùng để thiết kế hoàn toàn miễn phí, tính năng mạnh mẽ &amp; dễ sử dụng nhất trên toàn thế giới. Ưu điểm tuyệt vời nhất của Cocos2d là \"Code once, run anywhere\": Nghĩa là bạn chỉ cần viết code một lần duy nhất cho mọi dòng máy iOS, Android, Windows Phone và cả máy tính bàn.</span>&nbsp;</p>\n', 99, 89, 'mvter7slvmxkw0ornpbk', 5, NULL, 'demo', '2021-03-18 22:26:49', '2021-03-19 01:50:08', 1),
(37, 41, 6, 1, 2, 0, 20, 2, 'Kỹ năng nói', '<p><span style=\"color: rgb(58,65,73);background-color: rgb(255,255,255);font-size: 16.1535;font-family: Roboto, Arial, sans-serif;\">Bạn có biết rằng,</span> <strong>nói chuyện hay</strong> <span style=\"color: rgb(58,65,73);background-color: rgb(255,255,255);font-size: 16.1535;font-family: Roboto, Arial, sans-serif;\">không phải chỉ do năng khiếu mà đó còn là một kỹ năng có thể rèn luyện được. Ngày nay, khi</span> <a href=\"https://kyna.vn/bai-viet/ky-nang-giao-tiep-ung-xu-va-nhung-dieu-ban-can-biet.html\" target=\"_blank\"><span style=\"color: rgb(34,103,175);background-color: rgb(255,255,255);font-size: 16.1535;font-family: Roboto, Arial, sans-serif;\"><strong>giao tiếp</strong></span></a> <span style=\"color: rgb(58,65,73);background-color: rgb(255,255,255);font-size: 16.1535;font-family: Roboto, Arial, sans-serif;\">trở thành một phần quan trọng của cuộc sống hàng ngày thì vấn đề này càng được nhiều người quan tâm. Vậy làm thế nào để bạn có</span> <strong>cách nói chuyện hay</strong><span style=\"color: rgb(58,65,73);background-color: rgb(255,255,255);font-size: 16.1535;font-family: Roboto, Arial, sans-serif;\">?</span>&nbsp;</p>\n', '<p><span style=\"color: rgb(34,34,34);background-color: rgb(255,255,255);font-size: 12px;font-family: consolas, \"lucida console\", \"courier new\", monospace;\">Nói là một hành động tạo ra âm thanh. Chúng ta có thể nói rằng “nói” có nghĩa là trò chuyện, hoặc thể hiện suy nghĩ và cảm xúc của một người bằng ngôn ngữ nói. Để nói thường ngụ ý truyền đạt thông tin. Nó có thể từ một nhận xét không chính thức đến một bài trình bày học thuật đến một địa chỉ chính thức.</span></p>\n<p><span style=\"color: rgb(34,34,34);background-color: rgb(255,255,255);font-size: 12px;font-family: consolas, \"lucida console\", \"courier new\", monospace;\">Kỹ năng nói: Kỹ năng nói là kỹ năng cho chúng ta khả năng giao tiếp hiệu quả. Những kỹ năng này cho phép người nói, truyền tải thông điệp của mình một cách say mê, chu đáo và thuyết phục. Kỹ năng nói cũng giúp đảm bảo rằng người ta sẽ không bị hiểu lầm bởi những người đang lắng nghe. Nói tóm lại “Nói” là kỹ năng sản xuất ở chế độ nói. Nó, giống như các kỹ năng khác, phức tạp hơn lúc đầu và có liên quan nhiều hơn là chỉ phát âm các từ.</span></p>\n', 39, 29, 'pn9rix48s7oc8vi7c7j6', 4.5, NULL, 'demo', '2021-03-18 22:42:10', '2021-03-19 01:34:08', 1),
(38, 45, 11, 1, 1, 0, 30, 1, 'Unity', '<p style=\"text-align:start;\"><span style=\"color: rgb(136,136,136);font-size: 14px;font-family: Tahoma, sans-serif;\">Unity hiện đang là framework được nhiều Game Studio trên toàn thế giới sử dụng. được xây dựng bởi đội ngũ Unity Technologies. Một trong những đặc điểm làm cho Unity được bình chọn là nền tảng Game Engine tốt nhất hiện nay là:</span></p>\n<p style=\"text-align:start;\"><span style=\"color: rgb(136,136,136);font-size: 14px;font-family: Tahoma, sans-serif;\">- Lập trình bằng C#, là ngôn ngữ rất thân thuộc với lập trình viên.</span></p>\n<p style=\"text-align:start;\"><span style=\"color: rgb(136,136,136);font-size: 14px;font-family: Tahoma, sans-serif;\">- Hỗ trợ đang nền tảng: Chỉ cần viết code 1 lần, và game của chúng ta sẽ chạy được trên cả iOS, Android, WindowsPhone... và thậm chí là cả trên Web Browser</span></p>\n<p style=\"text-align:start;\"><span style=\"color: rgb(136,136,136);font-size: 14px;font-family: Tahoma, sans-serif;\">- Unity có bộ công cụ hỗ trợ trong Engine Game cực mạnh như Graphic Rendering(DirectX, OpenGL), physic (NVIDIA PhysX), audio (OpenAL) giúp quá trình phát triển game trở nên nhanh và đơn giản hơn.</span></p>\n<p style=\"text-align:start;\"><span style=\"color: rgb(136,136,136);font-size: 14px;font-family: Tahoma, sans-serif;\">- Kho thư viện Asset Store khổng lồ miễn phí lẫn co phí do cộng đồng cả thế giới cung cấp, bạn sẽ có nhiều lựa chọn hơn để tạo ra những game cực chất</span>&nbsp;</p>\n', '<p style=\"text-align:start;\"><span style=\"color: rgb(136,136,136);font-size: 14px;font-family: Tahoma, sans-serif;\">Unity hiện đang là framework được nhiều Game Studio trên toàn thế giới sử dụng. được xây dựng bởi đội ngũ Unity Technologies. Một trong những đặc điểm làm cho Unity được bình chọn là nền tảng Game Engine tốt nhất hiện nay là:</span></p>\n<p style=\"text-align:start;\"><span style=\"color: rgb(136,136,136);font-size: 14px;font-family: Tahoma, sans-serif;\">- Lập trình bằng C#, là ngôn ngữ rất thân thuộc với lập trình viên.</span></p>\n<p style=\"text-align:start;\"><span style=\"color: rgb(136,136,136);font-size: 14px;font-family: Tahoma, sans-serif;\">- Hỗ trợ đang nền tảng: Chỉ cần viết code 1 lần, và game của chúng ta sẽ chạy được trên cả iOS, Android, WindowsPhone... và thậm chí là cả trên Web Browser</span></p>\n<p style=\"text-align:start;\"><span style=\"color: rgb(136,136,136);font-size: 14px;font-family: Tahoma, sans-serif;\">- Unity có bộ công cụ hỗ trợ trong Engine Game cực mạnh như Graphic Rendering(DirectX, OpenGL), physic (NVIDIA PhysX), audio (OpenAL) giúp quá trình phát triển game trở nên nhanh và đơn giản hơn.</span></p>\n<p style=\"text-align:start;\"><span style=\"color: rgb(136,136,136);font-size: 14px;font-family: Tahoma, sans-serif;\">- Kho thư viện Asset Store khổng lồ miễn phí lẫn co phí do cộng đồng cả thế giới cung cấp, bạn sẽ có nhiều lựa chọn hơn để tạo ra những game cực chất</span>&nbsp;</p>\n', 99, 89, 'ir7kksgyplmxu1islmkg', 5, NULL, 'demo', '2021-03-18 22:44:37', '2021-03-18 18:30:38', 1),
(39, 49, 11, 1, 1, 0, 48, 2, 'Tìm hiểu Cryptocurrency', '<p><a href=\"https://toiyeubitcoin.com/cryptocurrency-la-gi/\" target=\"_self\"><span style=\"color: rgb(77,178,236);background-color: transparent;\"><strong><em>Cryptocurrency</em></strong></span></a> <strong><em>– không thể phủ nhận tốc độ phát triển của Cryptocurrency trong vài năm trở lại đây quá mạnh mẽ, có thể nói là nhanh như “vũ bão”. Khái niệm Crypto xuất hiện sau khi Bitcoin (BTC) ra đời. Vậy Cryptocurrency là gì? Nó hoạt động ra sao? Ưu và nhược điểm? Có nên đầu tư Crypto không?</em></strong>&nbsp;</p>\n', '<p style=\"text-align:start;\"><span style=\"color: rgb(34,34,34);background-color: rgb(255,255,255);font-size: 15px;font-family: Verdana, Geneva, sans-serif;\"><strong>Cryptocurrency</strong></span> <span style=\"color: rgb(34,34,34);background-color: rgb(255,255,255);font-size: 15px;font-family: Verdana, Geneva, sans-serif;\">hoặc</span> <span style=\"color: rgb(34,34,34);background-color: rgb(255,255,255);font-size: 15px;font-family: Verdana, Geneva, sans-serif;\"><strong>Crypto</strong></span> <span style=\"color: rgb(34,34,34);background-color: rgb(255,255,255);font-size: 15px;font-family: Verdana, Geneva, sans-serif;\">là tên dùng để chỉ tất cả các đồng coin trên thị trường tiền điện tử. Có một số tên gọi khác nhau như</span> <span style=\"color: rgb(34,34,34);background-color: rgb(255,255,255);font-size: 15px;font-family: Verdana, Geneva, sans-serif;\"><strong>tiền mã hóa</strong>,</span> <span style=\"color: rgb(34,34,34);background-color: rgb(255,255,255);font-size: 15px;font-family: Verdana, Geneva, sans-serif;\"><strong>tiền điện tử</strong>,</span> <span style=\"color: rgb(34,34,34);background-color: rgb(255,255,255);font-size: 15px;font-family: Verdana, Geneva, sans-serif;\"><strong>tiền mật mã</strong>,</span> <span style=\"color: rgb(34,34,34);background-color: rgb(255,255,255);font-size: 15px;font-family: Verdana, Geneva, sans-serif;\"><strong>tiền kỹ thuật số</strong>,</span> <span style=\"color: rgb(34,34,34);background-color: rgb(255,255,255);font-size: 15px;font-family: Verdana, Geneva, sans-serif;\"><strong>tiền số</strong>,</span> <span style=\"color: rgb(34,34,34);background-color: rgb(255,255,255);font-size: 15px;font-family: Verdana, Geneva, sans-serif;\"><strong>Coin</strong></span> <span style=\"color: rgb(34,34,34);background-color: rgb(255,255,255);font-size: 15px;font-family: Verdana, Geneva, sans-serif;\">hay thậm chí là</span> <span style=\"color: rgb(34,34,34);background-color: rgb(255,255,255);font-size: 15px;font-family: Verdana, Geneva, sans-serif;\"><strong>tiền ảo</strong>, nhưng theo mình thấy nếu xét về mặt kỹ thuật thì tên chính xác nhất của Cryptocurrency là “<strong>Tiền mã hóa</strong>”.</span></p>\n<p style=\"text-align:start;\"><span style=\"color: rgb(34,34,34);background-color: rgb(255,255,255);font-size: 15px;font-family: Verdana, Geneva, sans-serif;\">Crypto được thiết kế để hoạt động như một phương tiện trao đổi, nó sử dụng các thuật toán mật mã để bảo mật thông tin và xác minh các giao dịch cũng như kiểm soát việc tạo ra các đơn vị mới của một đồng Cryptocurrency cụ thể. Do đó các đơn vị giá trị của Crypto được bảo vệ khỏi các hình thức giả mạo hay gian lận, đồng thời che giấu thông tin giao dịch của người dùng.</span>&nbsp;</p>\n', 199, 99, 'wy0vuriao8xqvlqq3ky3', 5, NULL, 'demo', '2021-03-18 23:14:03', '2021-03-18 18:30:38', 1),
(40, 44, 6, 1, 1, 0, 21, 1, 'Khóa học tiếng Anh', '<p><span style=\"color: rgb(32,33,36);background-color: rgb(255,255,255);font-size: 16px;font-family: arial, sans-serif;\">Học</span> <span style=\"color: rgb(32,33,36);background-color: rgb(255,255,255);font-size: 16px;font-family: arial, sans-serif;\">tiếng Anh</span> <span style=\"color: rgb(32,33,36);background-color: rgb(255,255,255);font-size: 16px;font-family: arial, sans-serif;\">tốt là chìa khoá mở cánh cửa thành công trong sự nghiệp của bạn.</span> <span style=\"color: rgb(32,33,36);background-color: rgb(255,255,255);font-size: 16px;font-family: arial, sans-serif;\">Tiếng Anh</span> <span style=\"color: rgb(32,33,36);background-color: rgb(255,255,255);font-size: 16px;font-family: arial, sans-serif;\">đặc biệt</span> <span style=\"color: rgb(32,33,36);background-color: rgb(255,255,255);font-size: 16px;font-family: arial, sans-serif;\">quan trọng</span> <span style=\"color: rgb(32,33,36);background-color: rgb(255,255,255);font-size: 16px;font-family: arial, sans-serif;\">cho những người làm việc trong tập đoàn nước ngoài. Thành thạo</span> <span style=\"color: rgb(32,33,36);background-color: rgb(255,255,255);font-size: 16px;font-family: arial, sans-serif;\">tiếng Anh</span> <span style=\"color: rgb(32,33,36);background-color: rgb(255,255,255);font-size: 16px;font-family: arial, sans-serif;\">ngoài việc giúp bạn giao tiếp với đối tác, khách hàng hay đồng nghiệp, nó còn mang</span> <span style=\"color: rgb(32,33,36);background-color: rgb(255,255,255);font-size: 16px;font-family: arial, sans-serif;\">lại</span> <span style=\"color: rgb(32,33,36);background-color: rgb(255,255,255);font-size: 16px;font-family: arial, sans-serif;\">nhiều cơ hội thăng tiến cho bạn.</span>&nbsp;</p>\n', '<ul>\n<li><span style=\"color: rgb(34,34,34);background-color: rgb(255,255,255);font-size: 12px;font-family: consolas, \"lucida console\", \"courier new\", monospace;\">Tiếng Anh là một ngôn ngữ rất thông dụng trên thế giới hiện nay với khoảng 1.5 tỷ người nói tiếng Anh trên toàn thế giới </span>&nbsp;</li>\n<li><span style=\"color: rgb(34,34,34);background-color: rgb(255,255,255);font-size: 12px;font-family: consolas, \"lucida console\", \"courier new\", monospace;\">Trong 1.5 tỷ người này, chỉ có khoảng 375 triệu người có tiếng Anh là tiếng mẹ đẻ (native language), còn hơn 1.1 tỷ người còn lại là nói tiếng Anh như là một ngoại ngữ!</span>&nbsp;</li>\n<li><span style=\"color: rgb(34,34,34);background-color: rgb(255,255,255);font-size: 12px;font-family: consolas, \"lucida console\", \"courier new\", monospace;\">Điều này có nghĩa là nếu hai người bất kì trên thế giới muốn kết nối với nhau (giao tiếp, công việc, du lịch, ...) thì ngôn ngữ chung sẽ nhiều khả năng là tiếng Anh. </span>&nbsp;</li>\n<li><span style=\"color: rgb(34,34,34);background-color: rgb(255,255,255);font-size: 12px;font-family: consolas, \"lucida console\", \"courier new\", monospace;\">Và với lí do đó, việc có thể sử dụng tiếng Anh thành thạo thật sự là một kỹ năng quan trọng hàng đầu trong thế kỷ 21 này, nơi mà các dân tộc khác nhau ngày các xích lại gần nhau hơn qua du lịch và thương mại. </span>&nbsp;</li>\n</ul>\n', 39, 19, 'mdehkwzkg1bqciwuxscg', 5, NULL, 'demo', '2021-03-18 23:48:17', '2021-03-18 18:30:38', 1);

-- --------------------------------------------------------

--
-- Cấu trúc bảng cho bảng `favourite`
--

DROP TABLE IF EXISTS `favourite`;
CREATE TABLE IF NOT EXISTS `favourite` (
  `id_user` int(11) NOT NULL,
  `id_courses` int(11) NOT NULL,
  PRIMARY KEY (`id_user`,`id_courses`)
) ENGINE=InnoDB DEFAULT CHARSET=utf8 COLLATE=utf8_unicode_ci;

--
-- Đang đổ dữ liệu cho bảng `favourite`
--

INSERT INTO `favourite` (`id_user`, `id_courses`) VALUES
(8, 40),
(13, 17),
(13, 36),
(13, 38),
(13, 39);

-- --------------------------------------------------------

--
-- Cấu trúc bảng cho bảng `feedback`
--

DROP TABLE IF EXISTS `feedback`;
CREATE TABLE IF NOT EXISTS `feedback` (
  `id` int(11) NOT NULL AUTO_INCREMENT,
  `id_user` int(11) NOT NULL,
  `id_courses` int(11) NOT NULL,
  `title` varchar(255) COLLATE utf8_unicode_ci NOT NULL,
  `content` text COLLATE utf8_unicode_ci,
  `point_star` int(11) DEFAULT NULL,
  `status` int(11) DEFAULT NULL,
  `created_at` datetime DEFAULT CURRENT_TIMESTAMP,
  `updated_at` datetime DEFAULT CURRENT_TIMESTAMP ON UPDATE CURRENT_TIMESTAMP,
  PRIMARY KEY (`id`)
) ENGINE=InnoDB AUTO_INCREMENT=10 DEFAULT CHARSET=utf8 COLLATE=utf8_unicode_ci;

--
-- Đang đổ dữ liệu cho bảng `feedback`
--

INSERT INTO `feedback` (`id`, `id_user`, `id_courses`, `title`, `content`, `point_star`, `status`, `created_at`, `updated_at`) VALUES
(1, 8, 36, 'Khóa học hay', 'Cho 5 sao', 5, 1, '2021-03-18 23:23:50', '2021-03-18 23:23:50'),
(2, 13, 39, 'Tôi đã giàu nhờ crypto', 'Khóa học rất hữu ích để bắt đầu đầu tư mà không bị lừa đảo và thua lỗ nặng', 5, 1, '2021-03-18 23:36:22', '2021-03-18 23:36:22'),
(3, 13, 39, 'Hôm nay tôi đã lỗ', 'Mọi người nên học để tránh bị thua lỗ nha', 5, 1, '2021-03-18 23:37:36', '2021-03-18 23:37:36'),
(4, 13, 36, 'Khóa học bổ ích', 'Bạn có thể làm game và tạo thu nhập thụ động từ nó', 5, 1, '2021-03-18 23:38:54', '2021-03-18 23:38:54'),
(5, 13, 38, 'Nên học', 'Tôi đã trở thành junior game developer sau khóa học này', 5, 1, '2021-03-18 23:40:13', '2021-03-18 23:40:13'),
(6, 13, 37, 'Khóa học tốt', 'Tôi đã nói được sau khóa học này', 4, 1, '2021-03-18 23:41:04', '2021-03-18 23:41:04'),
(7, 13, 17, 'Bổ ích', 'Tôi đã rớt môn này trên trường. Nhờ học khóa học này mà tôi tự tin mình sẽ đậu sau 2 lần học lại nữa', 5, 1, '2021-03-18 23:42:56', '2021-03-18 23:42:56'),
(8, 8, 40, 'Rất hay', 'Chỉ mẹo và cách học tiếng anh hiệu quả.', 5, 1, '2021-03-19 00:33:25', '2021-03-19 00:33:25'),
(9, 8, 37, 'Giúp ích rất nhiều trong giao tiếp', 'Cải thiện kỹ năng giao tiếp một cách rõ rệch', 5, 1, '2021-03-19 01:33:28', '2021-03-19 01:33:28');

-- --------------------------------------------------------

--
-- Cấu trúc bảng cho bảng `history`
--

DROP TABLE IF EXISTS `history`;
CREATE TABLE IF NOT EXISTS `history` (
  `id` int(10) UNSIGNED NOT NULL AUTO_INCREMENT,
  `id_user` int(11) NOT NULL,
  `title` varchar(255) COLLATE utf8_unicode_ci DEFAULT NULL,
  `content` text COLLATE utf8_unicode_ci,
  `created_at` datetime DEFAULT CURRENT_TIMESTAMP,
  `updated_at` datetime DEFAULT CURRENT_TIMESTAMP ON UPDATE CURRENT_TIMESTAMP,
  PRIMARY KEY (`id`)
) ENGINE=InnoDB DEFAULT CHARSET=utf8 COLLATE=utf8_unicode_ci;

-- --------------------------------------------------------

--
-- Cấu trúc bảng cho bảng `lesson`
--

DROP TABLE IF EXISTS `lesson`;
CREATE TABLE IF NOT EXISTS `lesson` (
  `id` int(10) UNSIGNED NOT NULL AUTO_INCREMENT,
  `id_courses` int(11) NOT NULL,
  `url` varchar(255) COLLATE utf8_unicode_ci DEFAULT NULL,
  `title` varchar(255) COLLATE utf8_unicode_ci DEFAULT NULL,
  `description` text COLLATE utf8_unicode_ci,
  `chapter` int(11) DEFAULT NULL,
  `sort_number` int(11) DEFAULT NULL,
  PRIMARY KEY (`id`)
) ENGINE=InnoDB AUTO_INCREMENT=100 DEFAULT CHARSET=utf8 COLLATE=utf8_unicode_ci;

--
-- Đang đổ dữ liệu cho bảng `lesson`
--

INSERT INTO `lesson` (`id`, `id_courses`, `url`, `title`, `description`, `chapter`, `sort_number`) VALUES
(12, 10, 'e6n8oonh7isay3yu1xq0', 'WordPress là gì?', '<p><span style=\"color: rgb(3,3,3);background-color: rgb(249,249,249);font-size: 14px;font-family: Roboto, Arial, sans-serif;\">Trước khi tìm hiểu về WordPress, chúng ta nên tìm hiểu qua khái niệm WordPress là gì, mục đích sử dụng nó ra sao.</span>&nbsp;</p>\n', 1, 1),
(13, 10, 'mdcbpgn9wymayknqoti6', 'Chuẩn bị gì khi học WordPress?', 'Chuẩn bị gì khi học WordPress?', 1, 2),
(15, 10, 'uin3obr1c1j882h8kmnu', 'WordPress.Org và WordPress.Com', '<p>WordPress.Org và WordPress.Com</p>\n', 1, 3),
(16, 10, 'ckvo9x510qtengoezdv7', 'Cài đặt WordPress trên localhost', '<p>Cài đặt WordPress trên localhost</p>\n', 1, 5),
(17, 10, 'prarlrcp8bzazobjvexm', 'Cài đặt localhost trên máy tính với XAMPP', '<p>Cài đặt localhost trên máy tính với XAMPP</p>\n', 1, 4),
(18, 11, 'ofi4umj3gn3pusc6pnus', 'Giới thiệu script tự cài đặt NGINX', '<p>Giới thiệu script tự cài đặt NGINX</p>\n', 1, 1),
(19, 11, 'mjp240xw9ln1yvem2dp2', 'Cài đặt script', '<p>Cài đặt script</p>\n', 1, 2),
(20, 11, 'lu6vlc9huhktiy7brk6n', 'phpMyAdmin và Admin Tools', '<p>phpMyAdmin và Admin Tools</p>\n', 1, 5),
(21, 11, 'lmc829sdifmhon2qavyg', 'Thêm domain vào máy chủ', '<p>Thêm domain vào máy chủ</p>\n', 1, 3),
(22, 11, 'g4vvi6fsqahsnd9e1ske', 'Chuyển website cũ về máy chủ EasyEngine', '<p>Chuyển website cũ về máy chủ EasyEngine</p>\n', 1, 4),
(24, 12, 'na9ews4nftpdriyi1aw6', 'HTML là gì và vai trò của HTML', '<p>HTML là gì và vai trò của HTML</p>\n', 1, 1),
(25, 12, 'toazgd0ypxrkz2vr07ba', 'Soạn văn bản HTML đầu tiên', '<p>Soạn văn bản HTML đầu tiên</p>\n', 1, 2),
(26, 12, 'c29whf59glk6hc9dg23a', 'Tạo tài liệu web HTML', '<p>Tạo tài liệu web HTML</p>\n', 1, 3),
(27, 12, 'fmqbgh9mz9yodhnhjifr', 'Một số thẻ khai báo thông tin website', '<p>Một số thẻ khai báo thông tin website</p>\n', 1, 4),
(28, 12, 'q0dyicnsptrolgiha5qv', 'Các thẻ định dạng văn bản', '<p>Các thẻ định dạng văn bản</p>\n', 1, 5),
(29, 13, 'ocueoehtyguy2iem7vng', 'CSS là gì và vai trò trên website', '<p>CSS là gì và vai trò trên website</p>\n', 1, 1),
(30, 13, 'hpaffofr7plh6ijqabiz', 'Nhúng CSS vào website', '<p>Nhúng CSS vào website</p>\n', 1, 2),
(31, 13, 'dbhv9vnqefn78seigkta', 'Vùng chọn và các kiểu vùng chọn cơ bản', '<p>Vùng chọn và các kiểu vùng chọn cơ bản</p>\n', 1, 3),
(32, 13, 'paoed7tbsy97pqm8z9h6', 'Các đơn vị đo lường cơ bản', '<p>Các đơn vị đo lường cơ bản</p>\n', 1, 4),
(33, 13, 'w12ba9yoqfmgz1qpwr5j', 'Các thuộc tính trang trí văn bản', '<p>Các thuộc tính trang trí văn bản</p>\n', 1, 5),
(34, 14, 'xex699cpic4lfbutgeld', 'Sử dụng ID Selector', '<p>Sử dụng ID Selector</p>\n', 1, 4),
(35, 14, 'rdglft5lkgbbtbkdjeiu', 'Lợi ích của việc nhúng thư viện qua CDN', '<p>Lợi ích của việc nhúng thư viện qua CDN</p>\n', 1, 3),
(36, 14, 'mnhghrjvmryjbjm0fvv0', 'Sự kiện document.ready trong jQuery', '<p>Sự kiện document.ready trong jQuery</p>\n', 1, 2),
(37, 14, 'elku6ye4ysd1ontkb4dr', 'Giới thiệu tổng quan về JQuery', '<p>Giới thiệu tổng quan về JQuery</p>\n', 1, 1),
(38, 14, 'j7sfvs3ehtowf7zyxgf3', 'Thao tác với element qua tên thẻ', '<p>Thao tác với element qua tên thẻ</p>\n', 1, 5),
(39, 15, 'r2lretcqjpbncsv5wly4', 'Bài 1 Tạo Project NodeJS', '<p>Bài 1 Tạo Project NodeJS</p>\n', 1, 1),
(40, 15, 'uqdcimxjsd9vxqubv33z', 'Bài 2 Cài đặt module EXPRESS trong NodeJS', '<p>Bài 2 Cài đặt module EXPRESS trong NodeJS</p>\n', 1, 2),
(41, 15, 'iex3xbjopwaz2httt9k6', 'Bài 3 Route trong NodeJS', '<p>Bài 3 Route trong NodeJS</p>\n', 1, 3),
(42, 15, 'zp1hf4rmxcwot0ai54kc', 'Bài 4 Phương thức GETPOST tham số từ khách hàng', '<p>Bài 4 Phương thức GETPOST tham số từ khách hàng</p>\n', 1, 4),
(43, 15, 'kgaeemhbxhg0ibmb0rmq', 'Bài 5 Nhận dữ liệu với phương thức GET', '<p>Bài 5 Nhận dữ liệu với phương thức GET</p>\n', 1, 5),
(44, 16, 'fetzgjiqx8lms9jnjnxf', 'Bài 1  Cài đặt Sublime Text', '<p>Bài 1  Cài đặt Sublime Text</p>\n', 1, 2),
(45, 16, 'o6jkbxbexosacalj95tn', 'Bài 2  Cài đặt Xampp', '<p>Bài 2  Cài đặt Xampp</p>\n', 1, 3),
(46, 16, 'opdnainsfi51njttapms', 'Giới thiệu Laravel Framework', '<p>Giới thiệu Laravel Framework</p>\n', 1, 1),
(47, 16, 'dfkdx7donkma4sowseez', 'Bài 4  Cài đặt Laravel', '<p>Bài 4  Cài đặt Laravel</p>\n', 1, 5),
(48, 16, 'lb4wqth00gdd3drk90hc', 'Bài 3  Cài đặt Composer', '<p>Bài 3  Cài đặt Composer</p>\n', 1, 4),
(49, 17, 'kjv1spvwcleroogzmmaz', 'Giới thiệu tổng quát', '<p>Giới thiệu tổng quát</p>\n', 1, 1),
(50, 17, 'osyzoa56wlw8yj5cvwmo', 'Cài đặt pytorch', '<p>Hướng dẫn cài đặt pytorch</p>\n', 2, 2),
(51, 17, 'd4t5lql0uj47vvl7sagy', 'Pytorch cơ bản (phần 2)', '<p>Pytorch cơ bản (phần 2)</p>\n', 4, 4),
(52, 17, 'fdieguuye3ercazyz3o4', 'Thao tác với pytorch (Phần 1)', '<p>Thao tác với pytorch (Phần 1)</p>\n', 3, 3),
(53, 17, 'a9gg2opld0wyug9kalcn', 'Xây dựng model dùng nn.Module', '<p>Xây dựng model dùng nn.Module</p>\n', 5, 5),
(54, 17, 'g9ep9apmarj6t6z0ta9h', 'Xây dựng model bằng nn.Sequential', '<p>Xây dựng model bằng nn.Sequential</p>\n', 6, 6),
(55, 18, 'zr7dkbt6ddk1pqpovtjo', 'How to install Android', '<p><span style=\"color: rgb(3,3,3);background-color: rgb(249,249,249);font-size: 14px;font-family: Roboto, Arial, sans-serif;\">Android application development is the process of creating software applications that run on Android mobile devices. In this course you will work step-by-step to build Android Apps, and learn best practices of Android development in particular.<br><br>Currently, the Android platform serves 3-5 billion users, which is more than any other mobile operating system. In this course, we will learn about Android application development and I promise, you can also be an Android Application Developer after completing this course.<br><br>In this video, we are going to learn, how you can install the latest version of Android Studio on your computer.<br></span><br>&nbsp;</p>\n', 123, 1),
(56, 18, 'zpmc7gyj12e2hdxe4abc', 'Config Java HOme', '<p><span style=\"color: rgb(3,3,3);background-color: rgb(249,249,249);font-size: 14px;font-family: Roboto, Arial, sans-serif;\">Android application development is the process of creating software applications that run on Android mobile devices. In this course you will work step-by-step to build Android Apps, and learn best practices of Android development in particular.<br><br>Currently, the Android platform serves 3-5 billion users, which is more than any other mobile operating system. In this course, we will learn about Android application development and I promise, you can also be an Android Application Developer after completing this course.<br><br>In this video, I am going to show you how to install java JDK on Windows 10 ( with JAVA_HOME). Java installer .msi file comes with JRE and JDK. Java JDK Installation for Microsoft Windows (64-bit). JDK stands for Java SE Development Kit. JRE stands for Java Runtime Environment.</span>&nbsp;</p>\n', 234, 2),
(57, 19, 'zwejgtkd3h67q8movvyz', 'Bài 1: What is Android', '<p><span style=\"color: rgb(3,3,3);background-color: rgb(249,249,249);font-size: 14px;font-family: Roboto, Arial, sans-serif;\">Android application development is the process of creating software applications that run on Android mobile devices. In this course you will work step-by-step to build Android Apps, and learn best practices of Android development in particular.<br><br>Currently, the Android platform serves 3-5 billion users, which is more than any other mobile operating system. In this course, we will learn about Android application development and I promise, you can also be an Android Application Developer after completing this course.<br><br>In this video, we are going to learn, how you can install the latest version of Android Studio on your computer.</span>&nbsp;</p>\n', 1, 1),
(58, 19, 'ugkdzljcrlznfybgdrkm', 'Bài 2: How to Config Java', '<p><span style=\"color: rgb(3,3,3);background-color: rgb(249,249,249);font-size: 14px;font-family: Roboto, Arial, sans-serif;\">Android application development is the process of creating software applications that run on Android mobile devices. In this course you will work step-by-step to build Android Apps, and learn best practices of Android development in particular.<br><br>Currently, the Android platform serves 3-5 billion users, which is more than any other mobile operating system. In this course, we will learn about Android application development and I promise, you can also be an Android Application Developer after completing this course.<br><br>In this video, we are going to learn, how you can install the latest version of Android Studio on your computer.</span>&nbsp;</p>\n', 2, 2),
(59, 20, 'imbzc73hedyhmnvybte1', 'Bài 1 Config Java ', '<p><span style=\"color: rgb(3,3,3);background-color: rgb(249,249,249);font-size: 14px;font-family: Roboto, Arial, sans-serif;\">Android application development is the process of creating software applications that run on Android mobile devices. In this course you will work step-by-step to build Android Apps, and learn best practices of Android development in particular.<br><br>Currently, the Android platform serves 3-5 billion users, which is more than any other mobile operating system. In this course, we will learn about Android application development and I promise, you can also be an Android Application Developer after completing this course.<br><br>In this video, we are going to learn, how you can install the latest version of Android Studio on your computer.</span>&nbsp;</p>\n', 1, 1),
(60, 21, 'epb8vhpwgm11ntkhdrcx', 'Bài 1: start studio', '<p><span style=\"color: rgb(3,3,3);background-color: rgb(249,249,249);font-size: 14px;font-family: Roboto, Arial, sans-serif;\">Android application development is the process of creating software applications that run on Android mobile devices. In this course you will work step-by-step to build Android Apps, and learn best practices of Android development in particular.<br><br>Currently, the Android platform serves 3-5 billion users, which is more than any other mobile operating system. In this course, we will learn about Android application development and I promise, you can also be an Android Application Developer after completing this course.<br><br>In this video, we are going to learn, how to create a new project inn android studio.<br></span><br>&nbsp;</p>\n', 1, 1),
(61, 21, 'gkpbftqdwpmstkikcuy9', 'Bài 2: Java is stupid programming language', '<p><span style=\"color: rgb(3,3,3);background-color: rgb(249,249,249);font-size: 14px;font-family: Roboto, Arial, sans-serif;\"><strong>Android application development is the process of creating software applications that run on Android mobile devices. In this course you will work step-by-step to build Android Apps, and learn best practices of Android development in particular.<br><br>Currently, the Android platform serves 3-5 billion users, which is more than any other mobile operating system. In this course, we will learn about Android application development and I promise, you can also be an Android Application Developer after completing this course.<br><br>In this video, we are going to learn, how to create a new project inn android studio.<br></strong></span><strong><br> </strong></p>\n', 1, 2),
(62, 22, 'vmaxzbdmlbfyzxpdduae', 'Bài 1: Hello world', '<p><span style=\"color: rgb(3,3,3);background-color: rgb(249,249,249);font-size: 14px;font-family: Roboto, Arial, sans-serif;\">Android application development is the process of creating software applications that run on Android mobile devices. In this course you will work step-by-step to build Android Apps, and learn best practices of Android development in particular.<br><br>Currently, the Android platform serves 3-5 billion users, which is more than any other mobile operating system. In this course, we will learn about Android application development and I promise, you can also be an Android Application Developer after completing this course.<br><br>In this video, we are going to create our first android app using Android studio. Our first android app is an \"hello world\" application.</span>&nbsp;</p>\n', 1, 1),
(63, 22, 'hyfuecadkwom614xyiwn', 'Bài 2: Top tip', '<p><span style=\"color: rgb(3,3,3);background-color: rgb(249,249,249);font-size: 14px;font-family: Roboto, Arial, sans-serif;\">Android application development is the process of creating software applications that run on Android mobile devices. In this course you will work step-by-step to build Android Apps, and learn best practices of Android development in particular.<br><br>Currently, the Android platform serves 3-5 billion users, which is more than any other mobile operating system. In this course, we will learn about Android application development and I promise, you can also be an Android Application Developer after completing this course.<br><br>In this video, we are going to learn, the uses Android Studio, the now official method of building Android apps, and walks through every detail step-by-step to get a basic application working. The functions of the end app are extremely basic, but hopefully this will help out anyone who wants to get over the hump and get some of their own code running on an Android device. Exciting stuff!<br></span><br>&nbsp;</p>\n', 1, 2),
(64, 23, 'g1aod2pl8x6o1t5ddcxu', 'Bài 1: 15 kỹ năng giao tiếp', '<p><span style=\"color: rgb(3,3,3);background-color: rgb(249,249,249);font-size: 14px;font-family: Roboto, Arial, sans-serif;\">Kênh Học Tập dành cho những con người khát khao đạt được Giàu Có - Thành Công - Tự Do - Hạnh Phúc Trọn Vẹn trong cuộc sống.<br><br>Đúc kết những triết lý thành công, bài học làm giàu, cách quản lý tài chính, bí quyết sống hạnh phúc &amp; khỏe mạnh... giúp bạn thay đổi cuộc đời.<br>Hãy comment chủ đề, bài học, kỹ năng bạn muốn học nhé!</span>&nbsp;</p>\n', 1, 2),
(65, 23, 'zz1t9rfl3pxkgzw6gdyr', 'Bài 2: Làm giàu dễ vl', '<p><span style=\"color: rgb(3,3,3);background-color: rgb(249,249,249);font-size: 14px;font-family: Roboto, Arial, sans-serif;\">Bản thân bạn đã là 1 ngọn nến đang tỏa sáng vô cùng quý giá, hãy mang ánh sáng đó thắp sáng cho nhiều người khác. 1 ngọn nến không mất gì khi thắp sáng 1 ngọn nến khác. Càng thắp sáng cho nhiều người, bạn càng thành công!</span>&nbsp;</p>\n', 1, 2),
(66, 23, 'i0pjoeyyzbqneg5nwggb', 'Bài Cuối: xạo đó đang nghèo rớt nước mắt', '<p><span style=\"color: rgb(3,3,3);background-color: rgb(249,249,249);font-size: 14px;font-family: Roboto, Arial, sans-serif;\">Kênh Học Tập dành cho những con người khát khao đạt được Giàu Có - Thành Công - Tự Do - Hạnh Phúc Trọn Vẹn trong cuộc sống.<br><br>Đúc kết những triết lý thành công, bài học làm giàu, cách quản lý tài chính, bí quyết sống hạnh phúc &amp; khỏe mạnh... giúp bạn thay đổi cuộc đời.<br>Hãy comment chủ đề, bài học, kỹ năng bạn muốn học nhé!<br></span><br>&nbsp;</p>\n', 2, 3),
(67, 24, 'mt88txr8ny3fvitnblth', 'Bài 1: Tiết kiem tien moi nhanh giau', '<p>Nghĩ sao mà tiết kiệm tiền mơi giàu dc <strong><em><ins>sai lầm wa sai lầm</ins></em></strong></p>\n', 1, 2),
(68, 24, 'jdekt4v9froltbskd4nw', 'Bài Cuối: CHứng Khoán Phái Sinh', '<p>Cái này may ra mới giàu nổi nè&nbsp;</p>\n', 1, 1),
(69, 25, 'fklbucwmz3u3ayccti8p', 'Bài Cuối hoc xong bài này nghỉ luôn', '<p>Đừng nghe bà này noi xàm bả dạy cái gì tui còn ko hỉu</p>\n', 1, 1),
(70, 25, 'eefpwusj1iporads7bkl', 'Bài cúi cúi: cái gì đây', '<p><span style=\"color: rgb(3,3,3);background-color: rgb(249,249,249);font-size: 14px;font-family: Roboto, Arial, sans-serif;\">Chị Giang ơi làm thế nào để chống lại bệnh trì hoãn? Chuyện ngày này hẹn sang ngày kia cuối cùng không làm được gì và rồi đánh mất nhiều cơ hôi.</span>&nbsp;</p>\n', 1, 1),
(71, 26, 'i2enzjtort3yrm9b2qfo', 'Bài Cuối: Kỹ năng cãi nhảu đỉn cao', '<p>Học xong bài này nghỉ đi cãi nhau khõi hoc</p>\n', 1, 1),
(72, 27, 'dn9zkajlyanuvpzpjqat', 'Bài 1: Kỹ năng phản damge khi nghe chửi', '<p>Hoc xong tai như tai trâu nghe chửi như nghe hát bài này counter bài Ky năng chửi</p>\n', 1, 2),
(73, 28, 'osgyxzvpalx0hhcjxgqk', 'Bài 1: Cách tạo transformer', '<p><strong>Thg ấn độ nó noi gì hiu tau chết liền: Các tạo ra tranformer đỉn cao</strong></p>\n', 1, 1),
(74, 28, 'lqiiamhf71d3avgjwtfy', 'Bài 2: Cách tạo ra Doreamon', '<p>Ba cái con wỉ mèo máy dễ òm</p>\n', 1, 2),
(75, 29, 'ycokx5ry8c9dwar7to4h', 'Bài Cuối: Tác giả chưa kip đặt tên', '<p>Tạo ra 3 cái con tranformer vs mèo doremon rồi cần gì học nữa, hoc xong bài này tác giả đi lên sao hoả rồi ko dạy nữa</p>\n', 1, 2),
(76, 30, 'wkhhl3zmixvcnupax9wt', 'Bài cuối: Thầy giáo đang bận trade coin chưa nghĩ ra tên bài hoc', '<p>Đã nói hoc xong rồi vẩn cố vào đây hoc cái j nữa</p>\n', 2, 2),
(77, 31, 'czlyqxph0rq6f71onjza', 'Bài 1: Thầy lại dạy AI đây', '<p>Chào mấy e thầy way lại ròi đây</p>\n', 1, 1),
(78, 31, 'jo9wyollw321epnkokcj', 'Bài 2: ôn bài cũ', '<p>Thầy dạy lại bài 1 nha tại mấy e chắc chưa coi hết clip&nbsp;</p>\n', 1, 2),
(79, 31, 'dxvsaozc2cdsamtvoxcm', 'Bài 3: Thầy ôn tập', '<p>thầy dạy lại bài 2 nha tại mấy e lười wá</p>\n', 1, 3),
(80, 32, 'lkoffcdvzwb3t4v5q15x', 'Bài 1: Cách huỷ diệt thế giới ', '<p>vào nghe con robot nó noi gì nè :v :v :v&nbsp;</p>\n', 1, 2),
(81, 32, 'b0zaui1mezrnjoraecww', 'Bài ôn tập ', '<p>Thầy buồn ngủ wa chưa tìm dc bài mới</p>\n', 1, 2),
(82, 36, 'qi6fmen2eq3o9igxgduc', 'Sprite Anchor Position  ', '<p>Sprite Anchor Position</p>', 1, 1),
(83, 36, 'm80hdp40in8iwz9w75sz', 'Scale', 'Scale', 1, 2),
(84, 36, 'l4avp9vcshexkn5zesux', 'Rotation', 'Rotation', 1, 3),
(85, 38, 'ryalgepqv9bc6xaelcem', 'Tổng quan về Unity', '<p>Tổng quan về Unity</p>\n', 1, 1),
(86, 37, 'bhkodobho8zm8eqbsq8e', 'Cách Nói Chuyện Có Duyên', '<p><strong>Cách Nói Chuyện Có Duyên</strong></p>\n', 1, 1),
(87, 37, 'zql5cxtceq2sr4oadpqn', 'Cách Nói Chuyện Không Nhạt', '<p><strong>Cách Nói Chuyện Không Nhạt</strong></p>\n', 2, 1),
(88, 37, 'jqed01cgwngbhqlcdbz8', 'Cách Nói Chuyện Thuyết Phục', '<p><strong>Cách Nói Chuyện Thuyết Phục</strong></p>\n', 3, 1),
(89, 38, 'bl17pzngxvodykgalyg2', ' Lớp và đối tượng Classes and Objects', '<p>&nbsp;Lớp và đối tượng Classes and Objects</p>\n', 1, 2),
(90, 38, 'bhrafb2sxozektzohp5m', 'Mảng', '<p>Mảng</p>\n', 1, 3),
(91, 37, 'pyfzsk1tq1avbdxzj3yt', 'Cách Nói Chuyện Ai Nghe Cũng Mê', '<p><strong>Cách Nói Chuyện Ai Nghe Cũng Mê</strong></p>\n', 5, 1),
(92, 37, 'u6ifrwdbqvnhmdztizfc', 'Cách Nói Chuyện Khôn Ngoan - Kỹ Năng Giao Tiếp Xuất Sắc', '<p><strong>Cách Nói Chuyện Khôn Ngoan - Kỹ Năng Giao Tiếp Xuất Sắc</strong></p>\n', 4, 1),
(93, 39, 'epjc128fjqukxko58goe', 'Tiềm năng của Bitcoin và lịch sử hình thành tiền tệ', '<p>Tiềm năng của Bitcoin và lịch sử hình thành tiền tệ</p>\n', 1, 2),
(94, 39, 'b3ilfv03of7nb7zwjiod', 'Phân biệt tiền ảo tiền điện tử và tiền mã hóa để tránh bị lừa đảo', '<p>Phân biệt tiền ảo tiền điện tử và tiền mã hóa để tránh bị lừa đảo</p>\n', 1, 2),
(95, 40, 'dcgchfxo2waigv5wxzgf', 'Vì Sao Bạn Học Tiếng Anh Thất Bại', '<p>Phải biết mình học Tiếng Anh thật bại vì lý do gì để cải thiện.</p>\n', 1, 1),
(96, 40, 'hofqukf9k57kviunv5hp', 'Học Tiếng Anh Không Cần Nỗ Lực', '<p>Cách để học Tiếng Anh không cần nổ lực.</p>\n', 2, 1),
(97, 40, 'sapxy6o598fpa63tkily', 'Phát Âm Tiếng Anh Chuẩn Không Cần Nỗ Lực', '<p><strong>Phát Âm Tiếng Anh Chuẩn Không Cần Nỗ Lực</strong></p>\n', 3, 1),
(98, 40, 'jb8f5cok1xlmdkc3jnej', 'Cách Nói Tiếng Anh Trôi Chảy', '<p><strong>Mất Căn Bản vẫn GIỎI như thường</strong></p>\n', 5, 1),
(99, 40, 'canlpgjxerk1eg1o60at', 'Phương Pháp Luyện Nghe Tiếng Anh Chắc Chắn Thành Công', '<p><strong>Phương Pháp Luyện Nghe Tiếng Anh Chắc Chắn Thành Công</strong></p>\n', 4, 1);

-- --------------------------------------------------------

--
-- Cấu trúc bảng cho bảng `register_buy_courses`
--

DROP TABLE IF EXISTS `register_buy_courses`;
CREATE TABLE IF NOT EXISTS `register_buy_courses` (
  `id` int(10) UNSIGNED NOT NULL AUTO_INCREMENT,
  `id_user` int(11) NOT NULL,
  `id_courses` int(11) NOT NULL,
  `status` int(11) DEFAULT NULL,
  `register_time` datetime DEFAULT NULL,
  `buy_time` datetime DEFAULT NULL,
  PRIMARY KEY (`id`)
) ENGINE=InnoDB AUTO_INCREMENT=10 DEFAULT CHARSET=utf8 COLLATE=utf8_unicode_ci;

--
-- Đang đổ dữ liệu cho bảng `register_buy_courses`
--

INSERT INTO `register_buy_courses` (`id`, `id_user`, `id_courses`, `status`, `register_time`, `buy_time`) VALUES
(1, 8, 36, 1, NULL, '2021-03-11 23:18:08'),
(2, 13, 36, 1, NULL, '2021-03-18 23:34:50'),
(3, 13, 39, 1, NULL, '2021-03-12 23:34:56'),
(4, 13, 38, 1, NULL, '2021-03-18 23:39:21'),
(5, 13, 37, 1, NULL, '2021-03-13 23:40:34'),
(6, 13, 17, 1, NULL, '2021-03-18 23:42:06'),
(7, 8, 40, 1, NULL, '2021-03-19 00:32:25'),
(8, 8, 37, 1, NULL, '2021-03-19 01:31:12'),
(9, 8, 18, 0, '2021-03-19 01:55:54', NULL);

-- --------------------------------------------------------

--
-- Cấu trúc bảng cho bảng `storage_video`
--

DROP TABLE IF EXISTS `storage_video`;
CREATE TABLE IF NOT EXISTS `storage_video` (
  `id` int(10) UNSIGNED NOT NULL AUTO_INCREMENT,
  `id_user` int(11) NOT NULL,
  `id_lesson` int(11) NOT NULL,
  `id_course` int(11) NOT NULL,
  PRIMARY KEY (`id`)
) ENGINE=InnoDB AUTO_INCREMENT=8 DEFAULT CHARSET=utf8 COLLATE=utf8_unicode_ci;

--
-- Đang đổ dữ liệu cho bảng `storage_video`
--

INSERT INTO `storage_video` (`id`, `id_user`, `id_lesson`, `id_course`) VALUES
(1, 8, 82, 36),
(2, 8, 95, 40),
(3, 8, 86, 37),
(4, 8, 87, 37),
(5, 8, 88, 37),
(6, 8, 92, 37),
(7, 8, 91, 37);

-- --------------------------------------------------------

--
-- Cấu trúc bảng cho bảng `users`
--

DROP TABLE IF EXISTS `users`;
CREATE TABLE IF NOT EXISTS `users` (
  `id` int(10) UNSIGNED NOT NULL AUTO_INCREMENT,
  `full_name` varchar(100) COLLATE utf8_unicode_ci NOT NULL,
  `email` varchar(50) COLLATE utf8_unicode_ci NOT NULL,
  `password` varchar(255) COLLATE utf8_unicode_ci NOT NULL,
  `gender` tinyint(1) DEFAULT NULL,
  `day_of_birth` varchar(20) COLLATE utf8_unicode_ci DEFAULT NULL,
  `address` varchar(255) COLLATE utf8_unicode_ci DEFAULT NULL,
  `image` varchar(255) COLLATE utf8_unicode_ci DEFAULT NULL,
  `phone` varchar(10) COLLATE utf8_unicode_ci DEFAULT NULL,
  `role` int(11) DEFAULT NULL,
  `code_active` varchar(20) COLLATE utf8_unicode_ci DEFAULT NULL,
  `social_network` varchar(255) COLLATE utf8_unicode_ci DEFAULT NULL,
  `refresh_token` varchar(50) COLLATE utf8_unicode_ci DEFAULT NULL,
  `status` int(11) NOT NULL DEFAULT '0',
  `des_futher` text COLLATE utf8_unicode_ci,
  `point` int(11) DEFAULT '0',
  `created_at` datetime DEFAULT CURRENT_TIMESTAMP,
  `updated_at` datetime DEFAULT CURRENT_TIMESTAMP ON UPDATE CURRENT_TIMESTAMP,
  PRIMARY KEY (`id`)
) ENGINE=InnoDB AUTO_INCREMENT=14 DEFAULT CHARSET=utf8 COLLATE=utf8_unicode_ci;

--
-- Đang đổ dữ liệu cho bảng `users`
--

INSERT INTO `users` (`id`, `full_name`, `email`, `password`, `gender`, `day_of_birth`, `address`, `image`, `phone`, `role`, `code_active`, `social_network`, `refresh_token`, `status`, `des_futher`, `point`, `created_at`, `updated_at`) VALUES
(6, 'Teacher', 'teacher@gmail.com', '$2a$10$/gmDCJ3KlUAGABgGLzox9OyOGgr06hTDsIC0QutbN27BrVQxWKGhi', 1, '20-10-1998', 'Ninh Thuan', 'abc.jpg', '0933834993', 1, NULL, NULL, 'IWqx9Q7Mb9munG7x9K7wKHNdo75LEGGy', 1, 'It is a long established fact that a reader will be distracted by the readable content of a page when looking at its layout. The point of using Lorem Ipsum is that it has a more-or-less normal distribution of letters, as opposed to using \'Content here, content here\', making it look like readable English. ', 0, '2020-12-27 17:37:04', '2021-03-18 23:36:11'),
(7, 'Admin', 'admin@gmail.com', '$2a$10$XwJyUsu7EcnUA/pBVaPsJuOh8JassDtGGaBxEp98jmU2Cs5XG4ttO', 1, '20-10-1998', 'Ninh Thuan', 'admin.jpg', '0933834993', 0, NULL, NULL, 'n4alyZvEV6RCrTq2NRQ5T5GU6fTzHy6H', 1, NULL, 0, '2020-12-27 17:38:43', '2021-03-19 02:02:03'),
(8, 'Student', 'student@gmail.com', '$2a$10$/gmDCJ3KlUAGABgGLzox9OyOGgr06hTDsIC0QutbN27BrVQxWKGhi', 1, '20-10-1998', 'Ninh Thuan', 'abc.jpg', '0933834993', 2, NULL, NULL, '6FoqGpbukKQo8XYfXvxgTgMHHCcaDRmT', 1, NULL, 0, '2020-12-27 17:37:04', '2021-03-19 02:20:45'),
(9, 'Nguyen Tri Minh', 'nguyentri.37264@gmail.com', '$2a$10$/gmDCJ3KlUAGABgGLzox9OyOGgr06hTDsIC0QutbN27BrVQxWKGhi', 1, '20-10-1998', 'Ninh Thuan', 'abc.jpg', '0933834993', 2, NULL, NULL, 'Mzg9Cf58fYdKe6LtTs0NBvi5c8Geqa1O', 1, NULL, 0, '2020-12-27 17:37:04', '2021-03-09 16:31:19'),
(10, 'Cong Minh', 'nguyentri.57264@gmail.com', '$2a$10$/gmDCJ3KlUAGABgGLzox9OyOGgr06hTDsIC0QutbN27BrVQxWKGhi', 1, '20-10-1998', 'Ninh Thuan', 'abc.jpg', '0933834993', 1, NULL, NULL, 'Mzg9Cf58fYdKe6LtTs0NBvi5c8Geqa1O', 1, NULL, 0, '2020-12-27 17:37:04', '2021-03-09 16:31:19'),
(11, 'Võ Nguyễn Minh Thông', 'mjnhthong1998@gmail.com', '$2a$10$YJwDTXr6yK8CzFsWMy8T5.GlI/V5J/0wF9M724x.vpu2zSCuhfmha', NULL, NULL, NULL, NULL, '0345374897', 1, '', NULL, '9z5HTExXc3LVaroCuwTrkbK4wJOxoOkC', 1, NULL, 0, '2021-02-17 14:30:32', '2021-03-18 22:03:52'),
(12, 'Hòa Lưu', 'soloman8693@gmail.com', '$2a$10$YJwDTXr6yK8CzFsWMy8T5.GlI/V5J/0wF9M724x.vpu2zSCuhfmha', NULL, NULL, NULL, NULL, NULL, 1, NULL, NULL, 'NmKgGY0NaX5Dy57Xq8nFzwsl0dlKEUA2', 1, NULL, 0, '2021-03-14 17:16:07', '2021-03-18 23:13:44'),
(13, 'Tú Le', 'lthanhtu98@gmail.com', '$2a$10$qC9P.CClD328ei3cVXKxCu3fQrny8xeqp81XgYW4dagymw85XsmSC', NULL, NULL, NULL, NULL, '0988888888', 2, '', NULL, '2RWhom9lBg1Ghfj6zSvyIIcUfYpzCMSZ', 1, NULL, 0, '2021-03-18 23:30:55', '2021-03-18 23:32:35');
COMMIT;

/*!40101 SET CHARACTER_SET_CLIENT=@OLD_CHARACTER_SET_CLIENT */;
/*!40101 SET CHARACTER_SET_RESULTS=@OLD_CHARACTER_SET_RESULTS */;
/*!40101 SET COLLATION_CONNECTION=@OLD_COLLATION_CONNECTION */;
